L,b,h,F,fleche_mm,sigma_MPa
0.9781801964118502,0.07756866689425337,0.07384048573723885,3565.674030527261,2.0354899883646898,49.48075720744123
2.746436300285509,0.09958066578919463,0.028306007895912696,780.8573455490081,136.43006702777205,161.27245922860425
1.8559745019538267,0.033128727271492374,0.11599217296175811,1704.5149224584036,4.01482588558468,42.58551885424404
1.4615606853189014,0.07044223303148744,0.06879300275317562,550.5959070894427,1.4277702168471291,14.483697103160525
0.6612658646612706,0.06329111664709398,0.027453203201613072,1176.006843270623,4.94603319869739,97.81566155972094
0.6612372870684137,0.10710447022134227,0.13903839699463522,378.9904808494422,0.007249852170716466,0.7262059220628992
0.554840098004973,0.1241399835646643,0.05683705054344449,324.8329985607397,0.04636583386874748,2.696525191649049
1.46800793255579,0.07777476679881776,0.07072080392872378,701.9519336392617,1.5376340723880497,15.894758434619392
1.7781056670396789,0.022201866940751058,0.033311527761094056,965.1946536120156,125.93752488301006,417.9700145583851
0.518785530119442,0.0604386774823827,0.10099758819832155,306.9217946962732,0.013109436579490225,1.5496366353221234
2.8425398939327113,0.03570477124271963,0.10391408374159193,420.1944860319819,4.588399868816192,18.58801815316778
2.2219602542548866,0.03710891994736348,0.14377020952809386,138.84815668463432,0.2630901824527012,2.4133012025317786
0.7314791453839057,0.04072773981758609,0.05497896774899064,122.69192724857497,0.13513955273487255,4.37406985878443
0.6925598810528832,0.06993570400791943,0.05002016703128554,269.53555419476885,0.19484729594173084,6.400817056481896
0.6945227129221505,0.039205245765512486,0.09127825121236856,133.70362648280113,0.028615222632819147,1.7056977942694727
0.8624153664054479,0.08753597079933689,0.02611860248005719,150.07560996770437,1.1756117358041327,13.004433254741544
1.2802944939350251,0.04518728421754402,0.060202506898332564,2405.1434074878152,9.751048962483539,112.81236699418791
1.0841479693345974,0.022953199609438882,0.0601215419857608,116.42473154230336,0.5665236676468844,9.128125475138381
0.8425396033683951,0.09702147517488369,0.023951044604546407,1316.8128062044443,11.25367730012521,119.60485890152168
1.4965254242886732,0.03557017781347183,0.04642925099489675,290.4473642430099,5.20834045944461,34.01209614525404
0.6419738329052039,0.04783298988729294,0.1116108638538299,3025.031970591939,0.2292322452158085,19.555011630851588
0.8439228148542132,0.07958576333429075,0.11225788762852604,666.7873374774002,0.06780320773977508,3.3664502783952277
0.963950939140342,0.03907954517460871,0.024426938113281,330.4952624830545,9.899519843330674,81.97545857807577
1.1320391141177715,0.022415369972400578,0.02401133604950784,757.6227806461616,67.46571550655364,398.18706200773494
2.041529502947848,0.04248482360982319,0.03395507011993941,445.5897758198927,43.42053605698519,111.42920841612664
0.7150664592404099,0.1341159300526897,0.11654774941560385,909.3489764280649,0.02982761037162071,2.1416085476432123
1.2563833593289826,0.07287639953307333,0.02593150092431284,156.52651205869205,4.652916503107302,24.077928274665584
1.4453004631242243,0.07737762363187124,0.0853240197200198,4941.47905484401,5.91211360812897,76.06911234131536
0.5433947661434233,0.07150157623869773,0.024522012562066372,528.4533695017217,1.5318271886692294,40.072416796649286
1.4850182486245416,0.029864847964339566,0.07019623080014875,390.51112567473575,2.358130262239121,23.644414147311405
0.6786776766081324,0.046461984469150765,0.040983655876361685,1609.2563410211,2.9958962869728354,83.96937022958635
0.5618106695101674,0.0908130630566033,0.098034298338027,415.1969707150902,0.01639012864503775,1.6035813453621075
2.8208356151657212,0.035008072276320266,0.0725054673200202,591.2788363041318,18.944620107335627,54.37655056069219
0.8629896550328051,0.04776095743574968,0.08424157242267788,152.2508730231858,0.0652776992627097,2.32589806917346
0.5956260478030897,0.1441825508475097,0.11629252503996532,2738.6158437113577,0.04860990284021477,5.019260581571968
1.1002090618820455,0.056875488934785244,0.11464478753217443,228.92881277136235,0.06776083066185476,2.021590338815749
0.6222060209649933,0.028706819653253026,0.06613703296258255,176.53733760063068,0.09753504603436865,5.248649065941006
1.214206451499842,0.14139414947080833,0.025838033822131,344.6443895958376,4.818143060780889,26.598958688435502
0.5317769086573912,0.02512913292722448,0.04733204968935877,4553.1781994014955,4.894409814821726,258.05200989287204
2.550109400551126,0.04510301755241716,0.02765620637435287,273.11725656943463,90.42382080873209,121.1346505064294
0.7949502872202294,0.08845544317741758,0.08201198132101789,595.5886956068896,0.11680208074106914,4.774836402477412
1.6387494099028341,0.08271005004114515,0.09227543561930093,112.46139414809127,0.14506585720186865,1.5701341876421662
0.874034082305987,0.04687523421671238,0.02475189376424311,473.01798926458883,8.463202068676715,86.37677012857903
1.269584423116739,0.04020313052112553,0.055454063401160554,934.6641153456762,5.313993585944568,57.589297876234454
1.3316598070397054,0.04456205250253148,0.10324685378387838,4162.2688331170175,3.8172889392868967,70.00931534423567
0.6963293967288252,0.034063393880755986,0.131895509405332,754.9514794294763,0.062119218332301086,5.322762462506664
2.8408839605404728,0.03024885195848797,0.05628460063388057,2463.989072816325,199.50890972484416,438.2838303026289
2.0051209750202625,0.052932124300171926,0.135700839269961,850.2633377518916,0.9870723018293687,10.494479238700805
2.6917968492498026,0.034356861448615564,0.058855989145015795,117.29851512806523,6.221205969816665,15.918100264650448
2.48474042634395,0.03569246672619387,0.04425586441354514,342.917469815324,32.388015475974974,73.13136302578545
1.4595756869825136,0.07511588464162028,0.11047390279998687,950.2575958697522,0.5557136066438033,9.077537264943812
2.608120141371272,0.14078600869240382,0.054003271384897196,4121.265888050623,62.81081172245517,157.07600345592687
0.5859095211742172,0.0674915693981388,0.051757537178005124,2881.620008675141,1.1797737767241394,56.030149898398825
0.7103531551331045,0.023355638541642215,0.05371350123043825,244.32580525976044,0.46088316545767966,15.45383366246727
0.5422051967573934,0.0232900428889425,0.1101586865867651,236.57017920648488,0.023070934529726136,2.723122247257174
0.8956250005480594,0.13601399638683287,0.10691282671536328,219.67813698711055,0.01808560825382812,0.7593134092894612
1.0032743828330224,0.036406392775528325,0.04509565611687884,3692.3082770846045,21.272377920432668,300.2077207227063
0.8130562501810141,0.02407654961845643,0.03914603608766075,2809.6629060499554,19.91586011956523,371.4977842693331
2.2072581716253143,0.06686990541759431,0.05388863138029304,2072.543756071102,40.56781660794576,141.3458543674069
0.9474974538316383,0.07026853246041571,0.06342216040083264,464.7775889696253,0.42008391384057664,9.34827616667691
0.827140991835061,0.07387737280862622,0.03232880534511687,719.3291954154449,3.106179900505351,46.23466620880574
1.3221162405354043,0.034278605979138004,0.0990351434932125,615.0149975549082,0.8131003829845298,14.511248340512413
0.6436212377641607,0.020618295997143,0.053300614898901276,269.47332673376474,0.43832692749519964,17.76561277607535
2.104750338142058,0.13979046967484662,0.03920489682751991,721.1531448547312,15.20447582111083,42.38587426258038
0.5714545315186697,0.033157118484163826,0.024803039718008173,112.67114818054196,0.7916021262503323,18.93908759501258
2.930335240836099,0.07808981849113071,0.03236190983038677,167.47187043562207,30.327572368343176,36.00374929522038
1.9947718789028694,0.08305665229889701,0.13542822211395195,3208.4045979019515,2.351297512400585,25.208142254252984
0.7138399678081409,0.06836343193131751,0.03698374730425228,1892.698234651172,3.791997644347516,86.69375316923679
0.5049717080631209,0.0375701678525854,0.028105558432005445,522.9266106930866,1.5376687481626348,53.386502134354956
2.155372485381669,0.034534710997823286,0.05059957985212575,756.1761113019189,32.23547657090962,110.59790252305923
1.774238219461712,0.06668472403000787,0.03713219173842335,425.2232562605208,13.249984954330067,49.23258763917602
1.99129218349956,0.13473487028694253,0.03835322230661696,2149.3665970762636,42.52757087365368,129.57255142239552
0.5709366765603412,0.024757344655264624,0.0598629859516195,1980.6085199222593,1.3219772401876282,76.47456620929297
0.950409041508746,0.02732212771092772,0.06078719744177096,1689.2566811663742,4.501084225668632,95.41544848382823
0.6153662278540701,0.13419369146724025,0.04102427320173059,222.55980759452515,0.10661875833478812,3.638461251793592
2.3474427770410355,0.08821520406636553,0.04925465831514199,375.14646382619816,8.768821342073853,24.689315951788313
1.5275316627633724,0.11849599924073287,0.13993209138496002,628.4247784627329,0.1314041247688033,2.4823123875312296
0.904604442281729,0.03008471935222568,0.04277923666051612,364.7601369389587,2.183630531057382,35.95880994271031
0.5603095362887918,0.06534368618868198,0.03365071350486145,1916.9940068622861,2.579639582648622,87.09793029010604
0.8728935548596711,0.08214291204925586,0.03266469255042769,362.71186174756764,1.6050201760372897,21.67439835786637
0.8953891201428859,0.0787353135608264,0.05030394856831976,171.73237222331926,0.2342893325989126,4.630645332623444
1.8480510518254225,0.045518477768493985,0.09239674173026917,476.3846492179189,1.5950806565036426,13.593206990145442
2.4510699712276387,0.06473304067281975,0.08350405408453934,241.97235156126675,1.8006316514803087,7.883726978923095
1.1652648300436093,0.03330499312204323,0.02087071784466786,1096.5771687801457,109.15215230432506,528.4829331056145
0.6194873127563729,0.049548446797503705,0.046518105216100586,544.0116802598862,0.49391256530863054,18.85896318198871
1.7946605955889603,0.1377120833644229,0.09549034443326095,132.02877992851913,0.12122881516346828,1.1321688964115766
1.9542307433613433,0.044689998991320555,0.03957692828083505,674.3536607188018,34.60344541560984,112.95885936928357
1.3668742353677286,0.10861951282645571,0.062277976872184525,1559.3949824448955,2.8911535858590875,30.35701728886949
1.9902108036086426,0.029242505235294022,0.030227301794612516,744.6382561727178,138.4428581636814,332.7992461099756
1.2112050281716056,0.07753077561315529,0.08919107944495715,3031.6708147595164,1.865251276755039,35.721853876242264
1.2756607968099167,0.1432092055666691,0.022221706837746314,309.66728356248547,7.791812108440046,33.51629627156752
1.0756267205536203,0.02455798338742648,0.111444089297088,140.13117221283838,0.09772290722796749,2.965109984775753
0.5232990298483678,0.020338103579854154,0.029817002103935127,3901.1880147097786,19.75081331052343,677.4225581258085
0.6066327506912456,0.04791169130984453,0.11646135588067227,439.0806046541091,0.024670359702286954,2.4593263963897507
0.5289646680152978,0.02410365862482621,0.04069252874504404,953.4452122157138,1.6549673399039917,75.81608095521246
1.5638444804668203,0.09034667004993328,0.08578718107905559,2216.1010251185144,2.8302942806352847,31.273567206660235
0.8781859893937597,0.12627463006798248,0.038051491817132625,355.63065276243077,0.6594292798667009,10.24890483107443
1.2436979645979513,0.047954010759151615,0.12409612119829186,1647.1838234176994,0.6586094802761413,16.644351994772045
2.5421079617539513,0.03368360238343213,0.02581340163482071,169.85274263042564,91.73625035013399,115.42736870485605
0.7815505340045195,0.04799096831762047,0.02865799139949212,312.5354886452525,2.5160222140573936,37.18404608851208
1.0430616762700327,0.08591938448714376,0.05400843088916665,176.14042102917566,0.2812897175827406,4.398514141764462
0.7533721870390654,0.0655901083634111,0.029684153157015045,238.93202955979942,1.1343092612110712,18.68734182234062
0.5739473003101281,0.06881732581258167,0.13393170525585668,1655.187209454818,0.0360542016124735,4.617488264263704
0.8403117953477098,0.07228468264269329,0.14306001697391604,4005.305823439769,0.21389304465051245,13.650374580924561
0.667458934144322,0.03256972883168714,0.0426854593898302,788.2593889536925,1.7625014328737942,53.19500953510229
2.6449373836292946,0.08430821102657796,0.12851736946307987,826.9769391709797,1.6286393500383611,9.424677870135076
2.127207659750623,0.024043802124436395,0.05994941709464533,607.1307130703658,21.48792725314865,89.67476912031064
1.5554423863684463,0.029881593128756614,0.034440637257895666,357.8306837789555,21.011776825552182,94.21860132468346
2.3828579437181205,0.11718446544890805,0.08235157468381091,642.8706962998835,2.531471347659307,11.565360469859826
2.1103205879806084,0.0886049549771652,0.0754413485425811,1057.187247423132,4.974524587177974,26.54450962790085
0.6984731707172207,0.02056166113547954,0.14674903262906738,4733.366204349355,0.4727984568268137,44.798388666981275
1.3141951020717808,0.030806957082074055,0.07746815862253668,2915.8959003670884,8.801845513344874,124.36204075591245
0.6089856330017118,0.050423276646856516,0.14983708722839398,3316.587916745249,0.08411323223641148,10.704838107718398
0.7522081525686956,0.08754204262881883,0.10070908047939828,465.16985508184456,0.04217390348819918,2.364541344610321
1.0747920963077744,0.06791370521772462,0.09760247505530537,4305.321639302264,1.6124259280158482,42.91431942834009
2.1652558332369045,0.0775950340584695,0.05585621962279521,508.63711549884636,7.273238864733782,27.29552859226724
2.337483661547073,0.0235526890463248,0.03661061937810032,1050.0776587915036,221.02741256271278,466.51606304007447
0.5062672258097652,0.13603249343394805,0.027126609248052998,1606.7078545676047,1.4624730115735578,48.75669947297939
1.2485578124797652,0.10833323676533518,0.03549260144382246,4121.234403288603,31.54414544687295,226.2298146591328
1.0562796147104163,0.10128225144948297,0.04266068730987368,260.37285920595093,0.7432864445675078,8.952345151576766
0.7443950469683556,0.10500047019446437,0.09180105339266116,1852.0561585180285,0.17913111718279787,9.348077480769753
0.6197883230911174,0.13098115968794663,0.05932901286473421,767.0966014507837,0.1271776295543262,6.187306392582366
0.9155576001512331,0.059880519417370326,0.023379376012476093,285.93711195396753,5.462405453340118,47.99058659306436
0.8922175672862483,0.0693032240385869,0.02457971947148548,867.3793723776639,11.401917431365176,110.89802898447648
1.2666819306381687,0.0893504643929206,0.045734245497782273,1327.317116603774,6.0116923505830995,53.9776122473795
1.7620778267449795,0.08846121950854596,0.1311085362113549,353.6708204340168,0.18487124123247914,2.459012333741851
0.9592434317018683,0.0571912827563143,0.07224307381489559,657.1583159723953,0.5123641337798169,12.671494010680615
2.85209145264142,0.022958080221782928,0.10061825487181646,1119.0934516371688,21.146158416806628,82.39330457843056
2.804784962387488,0.042245120421840705,0.051184249242027295,487.4514065307585,36.164725278879665,74.11957511031729
0.7850452906010253,0.12786662061167084,0.04144861042986885,217.28462401686124,0.2199210073066628,4.659054812889789
0.8572329132735721,0.05917025297511339,0.11682211179029334,739.5507957911153,0.09406469099183504,4.710473500846123
0.832950112520636,0.03437900408809994,0.09690428915186797,1765.6665710196287,0.6212752788215995,27.333776841962422
0.5341627862317533,0.04201896715237834,0.02806361608771479,499.2945806219704,1.5607817194746465,48.35585838422592
1.4904014108833354,0.12148220765688973,0.05614219287567384,401.19749681155906,1.1768683383779865,9.369605350299175
1.2306379817856736,0.07659951009470536,0.05339650242547019,491.76762036302415,1.4970184278546261,16.626080595352605
0.5483126417661017,0.09773314673601509,0.07047310383765813,495.6930429959874,0.04550155268475603,3.359724388706002
0.8237569635739781,0.049958578838328625,0.13458649855329982,840.5154365974087,0.07347999668849901,4.5907429778747835
2.545295672865606,0.07120900603856832,0.064322886612242,838.1833070957607,13.89194066890171,43.44727283829478
0.7680427414209087,0.03298989020363595,0.05939545309017871,699.2772844814884,0.8729830583103996,27.688459320310454
0.6482165726289737,0.08286124247158125,0.022134292509028795,169.43261182081892,0.9782496855496366,16.232509108577002
1.20181683071333,0.047337722448563394,0.022702719906914106,696.333610071915,41.56539073376573,205.79923156745588
2.9238503302769336,0.04878478922592341,0.02917224925145358,193.777101031116,76.17533700795101,81.88127156074293
0.7714816781929303,0.07399916331968256,0.021352263003018068,163.79510447869652,1.9886571852717427,22.473108812934814
1.667220804339036,0.1319267607534047,0.08943537238322,3841.8207549501444,3.5933233535661784,36.419160565101755
1.9571551742181805,0.022753042089325284,0.0858990429875016,1066.0852299259866,10.556111232464769,74.56796932649527
0.7653991160577085,0.10537336641926043,0.026307982000988356,1319.6350039999095,5.874419129157276,83.09733706160306
1.8434546855202547,0.03604816229528065,0.10780781769185797,481.54335454064363,1.2721537304112076,12.712631881175946
0.9664088734421582,0.04892002996338172,0.027319783845031306,3502.1219901197314,60.3581892290439,556.1631332008452
1.5523854980772314,0.020902849844951832,0.03669248161725812,1212.899359313579,83.70038151417555,401.435635818567
1.5557934577855488,0.03668290802190985,0.0330293506470461,2026.732989110148,109.9839194127882,472.75474856484493
1.3058212889355516,0.055063412880602985,0.04234688950419719,422.840501852791,4.288849801599387,33.550996011400585
0.5877993504265668,0.02239687906018235,0.03340999359529286,4275.937900495977,19.803534499495676,603.2140546287402
2.2333751815972995,0.053798336255119816,0.05356634462785637,2477.0748032135593,63.56528479742608,215.03006716213673
0.8883526720657431,0.1295115776722194,0.04545031013662253,2823.792782872193,3.101063165827495,56.25837600528954
0.6984086609763901,0.024731788180422404,0.14599525490070864,196.1340044049395,0.016536770560353024,1.5591243792781169
0.5378971357615899,0.09331736453349423,0.02238561232010578,288.6412272798727,0.8173863002199138,19.92087558290663
1.441365381143564,0.045658040101557246,0.026634675532615403,305.68281586798986,20.210380307699786,81.61768576375304
1.683517207416585,0.07487677556886785,0.02224620265271629,288.5802758374235,31.81597366694717,78.6640934365059
0.5150837444247713,0.03378725907191064,0.07057963082921488,2839.9638300352703,0.622294451553852,52.14710182511233
1.2515720557901393,0.027580078402785164,0.022321786647989783,113.28471350011088,13.791046609167175,61.9048986524432
0.7502706802156042,0.02763405474573614,0.10788622794363342,134.67643093312816,0.031220767821964288,1.8848821097026365
1.5885907078730084,0.023052326745509444,0.056105787255760105,291.9934765455074,5.476614233006535,38.35361720120936
0.6833661445371113,0.029072490401080852,0.05783542794731441,218.56377775431002,0.23621918475675202,9.21536954214438
1.7243446311659503,0.07625400347283603,0.06200969497985114,247.6980166820083,1.3304360316222357,8.740092092160253
0.9997895604047522,0.11818525494605811,0.028216455223874,2268.2010320096338,16.262128066484397,144.6016300697247
2.678475118270469,0.10314302080132122,0.029786612941649818,905.1805044674688,121.54455962002294,158.9615056257886
0.6397084670336711,0.07953613637611465,0.038020225206499524,102.2831702483876,0.11667629463237149,3.414630139398659
0.9212366595195672,0.024984153620201573,0.06612652778922111,536.2983997840452,1.1055261871818491,27.133941451387187
0.6127305958649063,0.03581679554164754,0.030541890947985085,493.1559257230774,2.1176742638886523,54.26583638236899
2.6213288035386846,0.037336189435073906,0.02528292892492971,156.1671177398189,88.79380108082685,102.91474113144557
2.408090027508654,0.03309463815068664,0.14123479500888994,1408.460323975687,4.018099832360261,30.826735936059638
0.7937570661384289,0.05645358143165561,0.02090573448504115,1558.9854544689317,28.791068537802037,300.9252004778005
1.6313134427848641,0.0588399633476775,0.10079509564589176,1677.9381774940198,2.30270497703144,27.47346423567124
2.1621831635275317,0.04105131637215362,0.09786086027784986,1728.4239899117301,8.649963008093048,57.03597509442591
1.3520732172788354,0.040795962497840225,0.03640076858121297,100.02066815301369,2.3932178505735906,15.010768276043553
1.2915709376344104,0.10618591261811365,0.02628521862749126,4175.253341292134,88.85392900125527,441.0240321822778
0.7712011471618082,0.09810916798662098,0.02682032172994812,2417.2205207610314,11.157282447152602,158.48845457571628
0.5907694644596084,0.037185207134509464,0.08153149161087016,3434.296497745182,0.6692466929249367,49.24771629988584
2.495396538130913,0.12608135450252686,0.07303400945165264,106.31082526763709,0.6406349011208743,2.366830491273695
2.5097556545656827,0.13639596042664395,0.0968234190077044,3860.095792741401,9.388373350269083,45.458849202218495
1.554600112984494,0.03863222637872602,0.13224627705409248,2375.781083699901,1.9028436260253285,32.79893321651982
0.9178811691617168,0.040848257871522665,0.08063225921158355,2644.9058119970096,1.8193249015845963,54.84748596367108
0.9347766843360714,0.05539758809273158,0.02737849921868101,144.0431029943788,1.9712286755332125,19.455457921988675
1.8360027339848408,0.13321967287046493,0.03266308487814148,1799.5408554181843,45.69644521489704,139.4772972512303
2.494924885284099,0.1169131026377495,0.1091443115532386,4274.345880107465,8.31794951402016,45.94232714353244
1.5796749546682207,0.060990709863905486,0.08249794457029783,4042.001382340816,8.862316973145386,92.29230572352942
0.5813579600893616,0.05511905114633722,0.04500546123025073,565.6357931992349,0.42131902147089884,17.672565130176935
0.6679463643343649,0.02955779663927263,0.1276795685377184,1042.7538282787814,0.09620795522943855,8.672808638585115
2.5013880438751523,0.1128618810907734,0.07413836765541829,644.591348960802,4.178227032991728,15.594931402154764
0.5083077151845837,0.10820595360566572,0.13504004093151706,134.6683901637041,0.0012642926998459373,0.2081456513510578
0.5996947022946622,0.11284994478087207,0.03367312646770688,710.2109112991411,0.6771221154912914,19.97103483345485
1.6416279420668067,0.09034148279141775,0.03945586632551831,1469.303767938075,22.31282352817103,102.90280109550467
0.5045551950236019,0.048458077401104194,0.04498135165124292,2215.2638221341294,1.2289338715634157,68.39970132022131
0.6669649176310933,0.06843776378642093,0.022174528451610893,978.4332299734643,7.410062522879958,116.3538714379107
1.3364966935380953,0.027628642731686758,0.054389041880583654,3501.256948093107,35.81579294611136,343.5269040986691
1.6080312099216725,0.0287003753186545,0.04486457895275094,128.61050126290976,3.930087170903411,21.479659184450536
0.7472835942317438,0.08096147300270164,0.04054362215496306,482.6312928899854,0.7109948894779891,16.260304825684262
1.7912374306936756,0.03176453135692908,0.09491009660929767,109.61151344158515,0.44185181156896064,4.117117837986861
0.7648665678561227,0.025345133603250816,0.10089122572338195,362.8014547464466,0.11879877759680775,6.453637494905537
0.8957363244185813,0.027903844973208317,0.027244300783342595,816.8136723024303,19.81587275102227,211.9527482787633
1.6013366997884682,0.08510815850009441,0.04243623878163622,2743.2816653706764,32.98961304751855,171.9726350165688
2.289782664391835,0.08748342611119347,0.027134599133999404,164.67141265808422,21.54495959379968,35.12296101215937
1.6243974488422301,0.05644535690052957,0.09993686660313109,143.89835066862838,0.2085297391413264,2.4878241813833473
1.3842038556730574,0.027684222575383104,0.08315686538780878,1002.6457865011206,3.1817183365389345,43.49809981853962
0.5913752464583053,0.023667106213063067,0.02935119056422207,801.7749326281906,5.277889222601542,139.53085722675416
0.9662922943037141,0.020785908596719707,0.04187300532072133,283.50950427744664,3.1927319469350075,45.10140917541743
0.8041509111313893,0.027929927270751824,0.02475231791413613,3373.990154547705,78.90049986610171,951.3297234873537
0.7741602181332002,0.12038799057661247,0.07091682018552865,3763.29022756008,0.7745866940847497,28.871419664478925
1.0112522253118326,0.04083561596163283,0.1458084841152072,3255.347380954459,0.5065578050410551,22.751151342132996
2.4723909581232104,0.024729409625348187,0.09642166759333459,449.073734328193,5.83139053952045,28.97497211509288
1.5491423093430017,0.031304715405833274,0.04390486376435111,1785.787159803868,47.730576174726544,275.0662039255855
2.077080908860049,0.05693552171466052,0.06416657832339186,643.5933549743912,7.303020872358676,34.21489006004498
1.2305455290316645,0.06805355647906647,0.1254613385557274,161.53443089272088,0.04265974807497311,1.1133799170123573
1.4056865309257387,0.03278900980967641,0.061080250853229094,3771.658592862278,26.70593473438953,260.0412123369798
1.2084349118714999,0.022467211407011797,0.02842672719073905,590.8761917099064,38.48373557551246,235.97614937931468
0.7094120799577258,0.0439751887440282,0.0428961813265091,1769.5850886879532,3.466923633104488,93.08427120632452
1.8245132479785597,0.032060647806840654,0.1093536809726046,420.5496705520526,1.1604502981418818,12.008159901609321
0.8269007184069023,0.03112813699336475,0.07324126746855587,107.66586808297157,0.09481087782221818,3.199026474377643
0.522265699641534,0.1383466834878967,0.07420850758560986,148.18289116018087,0.007111863745332047,0.6094873143206542
1.5894434408540286,0.06923579406774201,0.1146969581049596,696.7259898040679,0.510095586102707,7.294975916334592
0.6867345554242545,0.061423244029870275,0.12114658847082618,1486.7185041372352,0.0839788320528781,6.7953803645381825
2.6964292382323185,0.04622305897147301,0.12761591702479247,370.42925591170547,1.4399248909325972,7.9611752303200625
2.5755671278146175,0.05947781581684133,0.05986508209270465,1538.0162016713518,39.2233306205794,111.50205147392721
0.970531107074157,0.08136708217604174,0.08892445104655582,1570.2398381082066,0.4778842819593472,14.211357789180484
0.5140407988244744,0.08230966719073717,0.09191520434520506,686.7202538050049,0.027797158641750138,3.0458123049425385
2.6384098190708016,0.02826654208637528,0.06791158112548268,3583.9680255446283,141.62090901350516,435.20839503120925
1.0768669164260418,0.05478470057162216,0.027988468302495788,677.8447087087786,13.423331730873013,102.05303836829356
2.8260097798820594,0.04586892550627365,0.09972908467425813,582.0858709820503,5.5000250792523575,21.634643127521795
2.8106844722855726,0.1155565114991371,0.08534371209936067,218.14337646209447,1.2844287005200397,4.37087005534144
2.3053686270161675,0.07137731952307343,0.02379052756123274,333.1936876425702,80.90700875076001,114.08275858219396
0.8474142794874866,0.05847950350603443,0.05092042348091285,118.01169086000259,0.1771631387352486,3.957166927735504
0.9968602605641343,0.02523523637337651,0.02839689650936272,1192.2229030727503,38.929694366752116,350.4240138771435
2.2976457465120212,0.067764190120834,0.039476904011342136,264.3959351256971,14.652616056058676,34.514586148247965
0.8822329194633086,0.025327399074742147,0.020742068255529354,328.66287808951677,19.01929246675411,159.65791439082886
0.6774246523072674,0.03945539610001071,0.04480672028927445,2039.8148596719627,3.403130185116376,104.6671210720227
1.3559560180528951,0.026670150465221053,0.060562806039264144,359.69878841645095,2.8831885693596435,29.915645929273094
2.675715980258062,0.08065602887814541,0.06969517647736158,257.919130306944,3.4466666946011615,10.568966921595875
1.7401490987590198,0.03030492621688312,0.07614207279505601,193.7421187225459,1.4535728655014593,11.513281796056019
1.388557334045688,0.044048482760712784,0.10785396825653207,2072.340826224426,1.9122910373853312,33.69558795251964
0.5950973474497456,0.1215626889798508,0.030872602380444533,166.099009145668,0.18640251384334303,5.118698261192065
1.5050074397167013,0.030186957843347358,0.025495232183985986,590.0842568281794,76.590411425054,271.5605215487205
2.9470102457186336,0.05564043753887585,0.11121853986401202,726.5392169589369,4.6272460295968685,18.665818684987475
0.6426530247380413,0.0465498606454336,0.02742052737948824,1471.8204840976528,7.753171884761964,162.14839619192682
1.2656361513845584,0.020743863305064034,0.14256232973738114,1191.0490326655424,0.7652317094129949,21.453124480677456
2.4082355179288077,0.09879658023525034,0.10922009831635265,2384.460350357005,4.928083664220585,29.23433872015561
1.8853849259633764,0.022985258570870908,0.05486908415102024,119.1327985421668,4.005341999635576,19.475015350040977
1.7432259196958946,0.05200345443554737,0.14448869469028042,318.8922020511415,0.20512180227526963,3.0721958328128975
1.7603899181320826,0.06189532572918664,0.02433551824072919,299.18475828523646,34.85195374746694,86.21057400788418
0.9521568434304332,0.07094824298540074,0.036832492028316066,177.042829848221,0.8211255456593468,10.508342865470253
0.8461139688377556,0.08009858780243485,0.07236281592074857,309.95966240671925,0.11783145376457979,3.75171222290292
2.131942068996694,0.03331645983262941,0.04048624027345298,335.95567149955053,28.045790142556914,78.69277909816527
2.134817505490071,0.02040619519516536,0.12984129964287766,770.3109058805782,3.1958648926952975,28.68073705581434
2.5680843379420395,0.05885215040925641,0.06050607864708982,444.09751318904557,10.989742727430535,31.759855843974524
1.2498898214844065,0.10781624677043584,0.06577701758294344,1668.6234475635033,2.0225882925532157,26.825557609347193
1.2280768257061507,0.10466347121706808,0.07450871822890459,372.50733322613473,0.30355383262450486,4.723917391850671
2.090087154014905,0.10939363598717156,0.03347754512128321,311.30296741793535,13.190591640683998,31.84194891748218
1.6022867811373807,0.05315174677197413,0.04169154162712154,830.7345511253646,16.899050931984284,86.44508853572924
1.7587593027648216,0.03917195809404455,0.10947177146139632,109.72191650036271,0.22124404261705352,2.466445195268027
2.08073640192785,0.09855800783721624,0.029622169411073925,136.63417149738416,9.151846326808737,19.724318376726515
2.4633650415966644,0.049652371070438704,0.10582542435972421,513.0004159898773,2.482188088811723,13.635708607674939
0.9161811629489537,0.028943640533070504,0.062142391237968074,3999.2671269910393,8.434282558199682,196.69075366659644
0.980009641905641,0.11199139164778611,0.09289466270076281,1682.0034092325684,0.3358935668390554,10.233926769369866
0.5917008161831655,0.11839243597608172,0.08423259086975889,141.1641437359214,0.007872400239116227,0.596614140035508
1.409157119332731,0.051177562814099756,0.030381923577722375,2740.7468134426977,101.78000569912501,490.53438256841514
0.5332594122077274,0.023295492403172167,0.06291815622735322,1754.5148299331956,0.87340057178295,60.87275447033761
1.1515311335311014,0.043691965683941576,0.11490552570611987,1091.3896261516625,0.47887619087771244,13.071437303752768
1.3219943691825695,0.10096588936359674,0.04777032277866613,2475.4441639460406,9.89768082997257,85.22028139484007
0.8354922735089031,0.12306583886862647,0.14023490874825098,485.9264169955553,0.015904960510938294,1.0065014601584437
1.4412112542416688,0.030135687992175846,0.04974459650215475,237.86121959597105,3.6561872021031605,27.582244301322227
0.5280849759542996,0.022889484357189686,0.02666712368819332,741.1606945299716,4.789608071743861,144.27101332442416
0.5346044187905377,0.1171562309866302,0.04383380777898948,855.9840649101816,0.2524707212492633,12.197355592985701
2.1831202556714056,0.04383118109792175,0.13609053010906164,821.486363412163,1.4736934113564275,13.255322028452893
0.9533509470466296,0.059580484362551256,0.038089504761941284,912.1020292757739,4.572171560563789,60.357715425826676
0.6278303427613409,0.14065231615928833,0.11499238146028608,4090.921999991545,0.09016431887886826,8.285709944310376
1.2745422899495111,0.022870634350676815,0.11808053999023754,3411.051293873796,3.57255147510903,81.80105014067998
1.9867418972769668,0.07384956990356198,0.04050089850534878,3074.8007434161555,93.61384445350635,302.57454700868647
0.7360569313375873,0.023220778743798322,0.023652962710034597,2299.233733821869,56.83614556113262,781.6240345472925
1.5264163418309435,0.04261753343761699,0.086111777722084,4007.338745827424,9.975617701470245,116.13600757398723
0.5826171184808727,0.10102223373652408,0.0374647070981663,147.00748298592873,0.10424275226353066,3.624201057955213
0.5485120846833492,0.04790101933422919,0.096858139511651,282.12168474046655,0.020374297471290808,2.0661265506631166
1.295520457467368,0.14915082025323742,0.04879553751785741,693.5618592193111,1.6576496993709497,15.180807346516865
1.3172430026218844,0.06169374298363421,0.053170179233851665,2743.0688694689743,12.877442398676983,124.30153551948757
1.5667037365859426,0.038200280747022954,0.09588449470601955,721.5416265592655,1.5694627728384107,19.31239778240525
1.8364490486386444,0.031163117027515265,0.04321368831717541,1865.9009436766082,87.53082773332089,353.2931014165928
2.8729662234459155,0.04052816468950802,0.048842014734900165,172.22203270501385,16.47340287626661,30.70622327645426
1.2610426231403482,0.04236619227184801,0.04267953730621923,268.4376924863079,3.1131134719582407,26.318775243324108
0.8918236551034178,0.02296987719470463,0.04192522973472349,1750.9173062710236,13.975207606502005,232.05252472744283
2.078476583762853,0.04211434606551616,0.0577119131917192,190.4926133088358,4.024646752901783,16.936104365720407
0.8123037521332097,0.05096442647411648,0.1020420228629141,395.31490907963934,0.07453065686829548,3.6306772461424353
1.0978832625886368,0.08579654637120186,0.04145714893428249,281.8381809776656,1.1620930798495508,12.590372288201912
0.5754676776346214,0.07511186202257332,0.05751551246962038,393.0108354090156,0.09982619504233924,5.461327168367298
0.5232349157899349,0.08341484850383274,0.07726049680737777,1597.4280742255708,0.11330166856282667,10.071888790878457
2.805795871756735,0.02033989607934314,0.034419615771032926,421.65895386653864,213.89639037916993,294.5831376668176
2.2360884605065836,0.031010038493668297,0.03498480454716394,877.7598861998155,140.78056578805663,310.28069188104826
1.7399757799262003,0.07586549311795877,0.13116672220500644,147.83636023985176,0.08664355929448335,1.1824535739071447
1.0403925876660771,0.053033506579413386,0.08593440484176586,2331.8516294204733,1.486215527344982,37.16763459883887
0.6820546846311143,0.020215273078900677,0.06398876050917716,425.0398796401941,0.4849949978062784,21.014212448198922
0.6617617857791,0.10116076242537647,0.07376064823696908,1264.27072877808,0.17190937658072347,9.12076937829381
0.7828829383693396,0.09490426219371838,0.021216258751061458,1707.7141410002857,17.220835939087337,187.77593344160516
1.3376774938689155,0.06038517945637347,0.06948770329228791,227.09502372959344,0.5110322883552507,6.251208894625653
1.7990105703096706,0.02286596200351038,0.055831779993972416,3184.46340916191,88.74506370764433,482.246187663635
1.631937110772534,0.09370820594040136,0.06006125462124072,1114.1573238269903,4.542936312194086,32.272660187238486
0.8256593745856989,0.0648358405007542,0.04126177092740182,535.0460422777813,1.259435309909689,24.012227539048844
2.7669392016554544,0.09667025878556991,0.023568104086672703,204.07133596986287,65.06609302135013,63.094383065203296
1.3500234225438417,0.10085699009959528,0.13582817501890643,1917.9541906034005,0.35565362289325403,8.349203557478715
1.4961711214829334,0.05679613577133063,0.04556875371364338,225.64592362933286,2.6785006181615834,17.175402361226848
1.0604307617499011,0.02653521102940566,0.0512160814666051,374.76625285052216,2.3878472247953817,34.257747442134075
0.7793673062411246,0.07732748799935955,0.022240999020095513,2374.719277491152,25.1699730152554,290.31082339897694
0.946173083817268,0.06982043815996923,0.021572612771233488,1520.321658442638,34.99428571219173,265.6251889903552
1.9439670651165104,0.08923742036627315,0.08484137507995324,2000.0669946129342,5.135489484419757,36.31803068955997
0.5130625502089649,0.02816347781953849,0.05914197076717745,561.8073782775105,0.24806495904765263,17.556224932428083
0.6155907347997307,0.029624105140283328,0.0557415315146329,1649.1937453461223,1.4282580106041216,66.17774581445816
0.5429589767812643,0.12027984859144698,0.03264215738515475,453.5667835764788,0.330562478299683,11.529458981817474
0.537852476680983,0.0906372072682666,0.08968762254121299,228.52270646703198,0.010357513856546543,1.0115148033774595
2.3155156863024566,0.1246767763005938,0.028070316479570236,1188.2266936547503,101.89566118394963,168.04209982182323
1.1693619612153956,0.06661583441902137,0.050603594898980864,337.05574482875744,1.1892351415943567,13.863143971900513
0.595799012106877,0.07471988846602087,0.035607576293322236,606.9787823622349,0.7248532451763491,22.903586655852465
1.2064838484760774,0.11996965228213767,0.032928751499999215,1396.7160132457666,10.907272204439948,77.7246805118132
1.1678919226515887,0.06419798035334004,0.0733926322511167,831.7693836077797,0.9944268309704891,16.85506927946951
0.6819417126861119,0.07151730605273736,0.07424550293246897,2709.932826289382,0.5592672430950459,28.125844948762275
1.0878579945523534,0.027413008987146183,0.10532535811797876,1968.6930553991692,1.5072308931322196,42.25507433044941
1.021096909389644,0.05196848990078855,0.046403483268400034,125.61606961563615,0.4905631694074209,6.8773662249762415
1.560159223234129,0.03452402763399065,0.03471401511289692,1898.0567797268482,95.0650027498113,427.0691703777752
0.5422797362969268,0.03006178707458849,0.14407705224404993,2935.930840580372,0.09918760606980173,15.30791437619134
0.9783072653798217,0.03763983222592034,0.0664955799020632,1277.5131515589571,2.0587608471624423,45.056626753572246
1.5345593168659177,0.032535526596662395,0.08357827931368166,2849.7236570217115,10.326576523133868,115.44974727717275
1.2316466021559254,0.030838391624183673,0.02029871506372384,155.21557689863732,21.415931929815123,90.2700852905315
2.319789856977893,0.047076103713881184,0.05681876089231659,389.7589996715043,10.732650770834505,35.69538083862564
0.6695108700081371,0.05555693147686902,0.06297110354508594,220.09296199600792,0.09068962077077734,4.0132311901943725
0.5673919415211205,0.029205983903466792,0.12786771330715943,135.80975900674602,0.007738675352247868,0.9682148815739362
1.5807724885801582,0.023355271590606193,0.14075248253244357,2182.6818586132326,2.521657679634729,44.74185739327824
0.5243240924260001,0.08132222855645053,0.059435607043943475,2627.0353541302857,0.422431869989232,28.768307001389484
1.4282097887684955,0.043251618743666384,0.05034858521101368,188.94753906233564,1.8993008913837999,14.767520642426907
2.695326258678404,0.10475684787815259,0.13426964729126467,2828.187497560911,4.159747365729071,24.217687595442346
1.402090205244652,0.07553397185273242,0.0777105291672656,1468.2428163823981,2.17462575148605,27.078402274932063
1.0023627472885592,0.09949243163789143,0.02279401560234803,764.9003833131682,12.452821402136648,88.99166226000924
1.5832355606082806,0.03459389321474824,0.05111735903882941,2573.772602946828,42.10588628180846,270.47722575896574
1.1364754643310016,0.08070240347904245,0.03245331798020977,515.5750575599594,5.225754503621104,41.361714657590475
1.3290532787317137,0.03404869017372986,0.051539186431055733,213.59442480560435,2.0490129204590266,18.832502212328553
2.701295048234286,0.1326699134150211,0.05007146226567027,304.758728678571,6.870204237061172,14.849999235801183
0.9986567797424977,0.0720935611317067,0.06463122125120217,721.5368471176805,0.7032737536959105,14.35637574330822
2.798476365521771,0.03845897466115531,0.04104176522321316,799.3096921994763,125.50034203810611,207.17541051150354
0.7101091695689797,0.02938342754646769,0.05518427744491544,2210.4695683840714,3.0531775693071492,105.2513647871451
0.5661657421912623,0.08107433418467055,0.10653894221181452,972.129992208949,0.034275773836280644,3.5885502184325273
0.5989499487914146,0.031075602407967223,0.07622218160910738,2120.9533483831083,0.6307826337184063,42.21731340539806
0.5165939797947405,0.06636770861876504,0.03954782538118491,211.74704253620277,0.1354507533181493,6.322894054993223
0.5921897858171986,0.03408802633127098,0.1317255297729723,121.63487966269939,0.006175467565588318,0.7306822006293504
1.7000143177893154,0.07590901863394282,0.1256803858731472,3049.844236981363,1.8940009834106595,25.94496571957025
0.5680225015846169,0.10331233661853627,0.030494581003721703,134.38933923187136,0.16013340558811395,4.767427353874196
0.8854851655474317,0.09590687667307594,0.02165323541047277,262.49210314435135,3.565189907561598,31.013689885878172
2.272012853484819,0.09264490121228593,0.08906776007090564,1518.189693652528,5.181028403353629,28.15953568421169
0.5212896355486986,0.02919433594016306,0.10598384628679287,496.1805822149512,0.038521226002249644,4.732516651420259
2.1515412278899695,0.023898587820982156,0.14059529442010738,3081.9894607971664,8.803112816311387,84.22058660484109
0.828505984445261,0.08178111747745856,0.12014103109023025,320.8180044002409,0.024505257682686972,1.3510452124032692
0.6179027281433109,0.042010357172860086,0.06707098874263753,104.75362529910525,0.037137237643424185,2.0550132848839833
1.7423560221138585,0.04779246499836817,0.05819132757401965,324.1939567322702,3.4683433748884243,20.941949344538063
2.4086624866759916,0.03374234731076258,0.032875282819575864,435.2191769218154,96.62572868600273,172.47292784457215
1.8662355419555208,0.021404195654699674,0.05049182414756803,810.4622075233538,36.41755109198946,166.30658304609213
2.1095979510400436,0.11759027569604064,0.07095931468962768,3085.417296208121,13.13270065508984,65.95908486476475
0.8287729342965574,0.0326600619958802,0.061469472884166106,3550.460918528365,5.075006938934926,143.06571308499653
0.6871393301579252,0.06148004311696745,0.08930627662147192,283.0622521635418,0.039946337176387084,2.380016050466463
1.9189418386957766,0.021634122736189157,0.03514335339053133,609.7654342259721,87.40173339847523,262.7545078465901
2.1223131527082097,0.07665885291311791,0.06243069048601972,856.9968190859051,8.365493613479497,36.524252202647716
1.0472466156830225,0.1221136728447593,0.04602700026220483,4973.027617450213,9.137053260393937,120.79013050138182
0.9737698931177579,0.1197258199762299,0.09067064014232037,251.1596415584632,0.04949618363222276,1.4908579447982762
2.00972539609771,0.03851937352025251,0.08087200725607874,1718.3712391420092,13.040491811794233,82.2487499268782
0.9208029570704391,0.12286437486883253,0.14719839709871763,438.7967835242919,0.01665210076454907,0.910645307798073
2.6499640427795006,0.14884319642461438,0.035010777500981756,103.22278759891347,5.727986275674874,8.995686582984462
2.3277962302127624,0.10551623089198542,0.05457278947486906,103.68591345495689,1.4526052421371924,4.608338721506657
1.0784307014665968,0.10973475153399201,0.03884984548663516,606.021220685973,2.2500552672835656,23.676011869537813
1.9198233283563586,0.03303146949375206,0.048594230940484116,675.5637989987516,24.021981319184576,99.76577090703078
1.9324954732021178,0.06392635252598303,0.11243819340095737,109.23083095438135,0.16524178874524623,1.5671383185107475
0.6014727716121487,0.0229025078520993,0.07938799861100299,1469.159934761462,0.531385974426701,36.731913328527604
2.519374197763558,0.024215252692215007,0.11836412703885953,315.86604195530674,2.395920276422861,14.074003728368861
1.2363253371064327,0.14966568121415133,0.030138017674430778,893.8025413253927,7.852615165681358,48.772387094365996
2.198259278779746,0.03862418689946976,0.1162182894017783,324.52822845704856,1.0830465770292335,8.20491973268785
0.887190742697674,0.09031018979566224,0.022559301410651544,192.28977340382792,2.4668014413980885,22.270829393006803
2.4878404475237255,0.10160412406013147,0.1198419327938576,491.78578168277807,0.8247958896488305,5.030611713979037
1.0042174813992961,0.11268157876984584,0.03881411719830345,248.09926609622238,0.7263190687290078,8.80586774087415
0.5098041146859156,0.1492848974001685,0.03769757792410865,810.23466130217,0.2556850332895439,11.682146162114416
2.53217735933047,0.03253525501688353,0.05612274087204786,217.67257204255722,11.70458276122003,32.27134902718188
0.5888502259303352,0.021693990277986894,0.1331041326582301,730.7460968756777,0.05555302066276511,6.717382522355725
0.8860216023816748,0.045798132042156055,0.022021232235838566,185.08932691155363,5.013977593356256,44.30430602686651
2.7459090241531636,0.020924448612368515,0.11235255736593824,1909.4905394373807,25.375448752573412,119.1063617081676
1.3969839418905916,0.04134524315362469,0.04442239065863342,154.01268513694652,2.206683764126603,15.822305019910104
1.5510825823420116,0.09701725438671713,0.0298747639236779,623.4222037462586,17.130313049479966,67.00550634788324
1.1166792545957336,0.06258536460225286,0.04707072945953315,131.94984778711233,0.5361784581716583,6.375495565198503
0.8455364475454173,0.0375603731391572,0.04349226792249122,1038.23109559236,3.8687054504493927,74.13505394762711
0.9009915776534863,0.07475140117333962,0.12649555167725154,281.329303626547,0.025904353833907823,1.2715021775538453
1.6683650440595217,0.03191979677549756,0.0928472944735218,787.8038986985836,2.727496429949318,28.659052896027006
1.9250020005116137,0.020588022871096165,0.05533973205470033,757.0956194337747,29.482152435011994,138.68976836627553
2.0650864019554476,0.09330094352837262,0.14652603322378097,3719.206631671849,2.1255693154608153,23.005102059324457
2.057843528912187,0.07028188605727412,0.05107123264308916,856.7930303356435,15.19082086705375,57.70898519080236
0.5887652204913503,0.09291621138745608,0.02249011444768137,978.3560379562077,3.598301739932562,73.53862463441794
1.212561521798023,0.021632322343674786,0.03392626851572261,481.27866823224707,19.348051131663382,140.62946027811262
0.554318566752013,0.10803412400473095,0.04815244911925244,4096.92277258521,1.1019468620598392,54.396472374884986
1.338402044096303,0.06968725774282206,0.02743654393067479,2091.296198124575,66.35511875028588,320.1409329513486
1.1029288984528367,0.06223510735617814,0.13496076529380865,305.41828018441635,0.05101762441850843,1.7829669223185451
2.453229193255904,0.07040533248162582,0.09377126202469603,2718.233519489995,13.168217638786844,64.62953962583097
0.9376374824661151,0.11414635419288184,0.03433979768989964,542.7857606618879,1.843821103832713,22.685959228297623
0.6166884996655829,0.06525824598623284,0.06576883623487861,2557.882675403869,0.6154928291470131,33.52910874621521
0.6460098806317413,0.06447586377790591,0.08557407365268567,2500.7031718423573,0.3178312049493582,20.529150269874915
1.95677303310803,0.14720919928932333,0.13326212197540108,209.35569631906415,0.08576137170996313,0.9402169748132599
1.5136907719807302,0.09187878674133945,0.11817209587856708,1553.1655568595295,0.6767213391497865,10.994134271140663
0.5993199590927792,0.04876005331965211,0.05647480707075671,311.74082960991495,0.14553993187532963,7.208252556006982
0.5813234210476289,0.08318513164295935,0.09525735006304824,320.2072219948926,0.016664185283439267,1.47964487423799
1.7556179415100552,0.043815775626350556,0.06207848279254153,318.7766434773453,3.1344650736418975,19.886349234652844
0.5696270816987594,0.03171831055764716,0.06090876026410934,1708.9080229590168,0.839425087314053,49.63533996803014
2.1802256117049397,0.06657511926332486,0.025202071461507592,245.7353020582517,45.51891378502115,76.02139036783947
1.7722838357007256,0.1297914831132722,0.025787436647861914,100.35499344666493,4.780890486903998,12.364056203408454
0.5784577709336324,0.13004210712055364,0.05813053899712098,1641.2168233285395,0.23687792407113167,12.962720966373851
0.5820852274815286,0.0398307111293573,0.03437956037492621,195.36094392065885,0.45343929935814137,14.492952703495018
2.9290367858030195,0.05791353915493534,0.020865969782270136,150.4916679344509,136.90893811793603,104.88932193249134
0.9777082774995086,0.030635457649266288,0.0858140862871026,253.2402679878708,0.23286339060888714,6.5849391954659335
0.9713721651383871,0.14868536120010933,0.021352943848652727,442.0176304104634,5.33084145071708,38.00080255256171
2.145117095052654,0.14440035856968436,0.06636417506662459,643.5029990103552,2.8666515804630035,13.023183420386056
2.7294344530474675,0.07402699158821356,0.05927309410509442,119.0482901775945,2.9910176184837,7.496210698092964
2.9256876943036114,0.10114433864637659,0.14086470911692675,4456.305736979144,7.51884935302956,38.97698212818409
1.928466865031908,0.08448633020163428,0.053057423569885215,1646.5300035967455,17.824689426714126,80.10402156050999
0.9811984902294075,0.06608148229301042,0.022734486480020785,354.07643388424333,8.204896555816072,61.031644213707324
0.580692465975274,0.02226961768433777,0.06078420847967821,347.90212431781384,0.2594485769020559,14.731949775163503
2.0123700665763615,0.05000076578437014,0.10890320806221931,578.1763685519392,1.389715507899076,11.772303054219133
1.3598561492745067,0.07789495840776244,0.1490507582720393,1158.7004329649424,0.21516858071948286,5.463081252117687
1.0692490948143871,0.07832703115359188,0.047599965387790315,177.28967732343602,0.4886852641929905,6.408976094793624
2.5365930744794403,0.042416530835287014,0.03813388196188895,209.4045367862936,27.676488721014405,51.66910726119426
0.6102368986989404,0.13337307838282575,0.12428169713481645,2885.051546037936,0.048775301824984366,5.127678245405064
1.2086675020588111,0.028020614272605562,0.029402115192634578,272.5018337657853,12.868184688194003,81.58169485549656
0.5102756648195444,0.05481193888501717,0.06911431365458941,442.52712615562194,0.06188936147555319,5.17469599724335
1.157867513199216,0.08046292221775805,0.04529549105447597,3021.7932057356225,11.948718394748964,127.16544463269396
0.5530730142307132,0.08148291077954568,0.021725990327204573,1338.6537859393927,5.162393354689985,115.49848597567201
0.6186262073947308,0.07389734251766808,0.04026509116749402,380.6783981006822,0.35585165677065916,11.793741480795763
0.617196138487255,0.0348276400681136,0.034128814404460875,1450.7247493253474,4.692536559951791,132.4320250298473
1.6001246393043134,0.02739809158070815,0.07968962582384631,108.00433631478153,0.6078797151232305,5.959672123537864
1.9032934804880322,0.07203055175627064,0.13529439572467897,1777.6031585163341,1.3086895257380116,15.396268192285724
1.4220639871362302,0.06690461294390346,0.03432319487501985,672.0872312457269,13.608321943279961,72.75528703141069
2.8034045638093543,0.028706318072538307,0.10259174233341543,2407.5320442695765,32.595330699759764,134.03147559998874
0.9787595543239995,0.08280755224057253,0.022360073511593845,4186.9785478187705,80.77553583281546,593.8976398484131
0.8342519328419727,0.05004185196291123,0.059145110370750986,3740.132395965532,3.9951162744943023,106.94595941952826
0.7463823925094776,0.10808800234852152,0.131330647336644,741.5857777604504,0.023988909200855547,1.781411977547529
2.8086836607465906,0.028154820885750297,0.09367728933872417,409.1387832041191,7.460434368473889,27.90636869269684
0.5110083821741889,0.020786574589986576,0.07529679245396194,616.7101094447834,0.1766417992082877,16.044436236076127
2.842381881101018,0.09611529190076872,0.10519371776980029,1486.3210062463768,5.810836936693875,23.832752032948136
0.5402004526835601,0.06832074521338162,0.07373089165971167,3176.038123308239,0.3482492436056783,27.716624241743794
2.4683920132114063,0.08189501775010043,0.14090152838628495,224.73127725774853,0.2810231004240154,2.0471045030770214
1.2870673761538238,0.10825973183731348,0.08429211277534612,3630.635371150027,2.274046872119499,36.44973212283479
2.96242116606709,0.10081815525302189,0.12887329327257868,2426.42438702015,5.568270671954231,25.75729277904139
0.570682944623222,0.13864173782079084,0.05669595596293029,4603.06394785105,0.644944204604749,35.36673708374776
2.8394484233559507,0.05351722685288392,0.057971943446723545,298.95452150168626,12.502607442000699,28.3178997647609
1.27649537571518,0.04494753885770512,0.025825663789470356,151.36167154181726,7.745580182318929,38.67029713235682
1.5443201624990393,0.027259574576745174,0.06599303290428853,155.12943636670832,1.3891002767466012,12.107864624292185
1.7392728457373232,0.06340104327011144,0.05287385586270168,312.4493912256211,3.341213108776216,18.395867802609114
1.1289421867712666,0.03494885285031514,0.07011672288582198,1105.298865363964,2.5144197124179217,43.57390998929562
1.5392356344192915,0.12800605439477572,0.020408999714226425,2325.498736671416,148.44872147806748,402.80839842048084
1.4244752792675996,0.06476758110909704,0.029616065536820845,3371.314728905784,110.32272484209423,507.21613752778836
2.5130853415382326,0.06603914973431055,0.053823783657428605,1147.4619419800022,33.688102689013206,90.43714760426849
0.5424180861494821,0.04088940752632569,0.13576219252950628,102.22742733675919,0.003037129197465535,0.44145286507309023
0.8271834976275334,0.022208737130520146,0.04332229019573409,207.27485242512915,1.2374703754862644,24.68044855960915
2.7449465299406155,0.021321008097174573,0.04703070802910012,147.7174591968032,26.237467089833185,51.5877040228622
2.4645060064229067,0.04693255326811659,0.08441757225996795,414.26418273051456,4.183453718510572,18.315493244787216
1.1312012497520245,0.02371536877078207,0.06751272671223836,710.8538171296348,2.685677105100893,44.6344560865565
1.518892230946791,0.06792947517997502,0.036526553027417016,118.503316432782,2.3892838825451324,11.916070830751027
0.8218915562207342,0.11801449355183335,0.04576352927539922,390.8891610353828,0.36546349604610023,7.799109727274016
0.7004170670702569,0.11847713688003478,0.03101206293848865,201.567677851854,0.3733406064598292,7.434178748033087
1.1476183872609063,0.07546318044702649,0.14007413658214643,1257.0507259119577,0.17449260498624072,5.845888642741814
0.9417410085798426,0.030610525757778118,0.02602214440843064,614.872159563238,18.135099229408517,167.61412253840336
1.422796334202524,0.11381646510189874,0.04230677902819108,694.2722785630654,4.419404508658669,29.093689209081415
0.574723968235428,0.1192383716743733,0.021068842633757537,532.8874827016815,1.727889910703554,34.71751911652697
2.9267870737815005,0.08837369179307754,0.09638069552974715,231.64799013791279,1.398136107899605,4.955275499894882
1.7468089767551682,0.035624776971911944,0.029996504456332635,754.7394999856689,79.69111837040936,246.7745075460604
1.3065741515675533,0.10078350116511434,0.023501218365450167,1780.210800333727,57.81675854074708,250.71859589030936
0.8706213358576699,0.14916751411804974,0.052024222047320885,883.2058866287,0.5285663768575285,11.427653664152103
1.705274989234466,0.12197760558041829,0.023724964641505107,438.68915564923236,25.43806292417977,65.37494252117841
0.6691301192518911,0.0701245128111236,0.10180101530614967,613.4388623004577,0.04731703622253101,3.3889022273839453
2.557461661292079,0.1421672033168357,0.09464908840412829,141.38285857119283,0.37369399931214664,1.7034321882784467
2.182872594391234,0.051043660513975776,0.12642487357977308,1083.106650110184,2.0804519438067093,17.387774270919707
2.741940298570433,0.11029259340226216,0.11188795921784285,308.79018613565313,0.7848411450893258,3.679253233044321
1.8352259741464652,0.022679246854544345,0.079222850964634,187.22345248236678,1.954742512137792,14.483432001474892
1.5007204687970486,0.03930245732528057,0.022224113782520146,841.6709406311485,125.59992710522297,390.4134589272697
1.0578554941753924,0.022891464181200923,0.0968435043633664,802.3782919298228,0.8701895109264578,23.721502984019367
2.6593398404460107,0.14272990945560654,0.10987623106973786,134.55617797053208,0.25458898327561813,1.2459661239231188
2.359927726983112,0.10373664905470165,0.10006353184725487,1535.4904229981914,3.6984880432754625,20.932118986831405
0.542196823642455,0.1114451618316152,0.0557160478518612,1147.5463645563023,0.1807505875871225,10.790874365895954
0.5241885116345775,0.13237532400306126,0.03197668014729455,209.47620323132358,0.13277940897561968,4.867429398014253
0.9815568178595445,0.023741095759561546,0.10983620327735096,627.4162313793016,0.3592572011269069,12.901216402795425
2.136500959461347,0.04349621955006387,0.08656493408028912,1674.1988085783612,11.022484114995997,65.84546267773854
2.9323793926772534,0.023077559290107595,0.1442966032873641,793.4059305294555,5.495894863310719,29.051245751793008
0.6546619446663079,0.030583478063491366,0.027369732760512574,469.8119698056436,4.00421620111647,80.54979449578569
1.4497514886867988,0.03174966171118847,0.0315137678068106,352.8932663277334,20.61221498610069,97.3527942666619
0.9893744725622835,0.05146684479976543,0.030645474650529567,1089.0325743708474,13.56241619558956,133.74962478016423
2.8425630457074496,0.034358828304246296,0.09875312464290337,3940.1931281019606,52.09519162717769,200.5574634079092
2.245517966061992,0.028028183986915756,0.022875017267251024,133.96490739952756,86.11961821506944,123.06682940338708
1.1579349772471794,0.026909469519474056,0.1495656547954521,606.3033270364639,0.19915095791372098,6.997718771083092
1.051386312302383,0.14207962684771813,0.021025511796721158,3261.996408759368,54.68139625115871,327.6212686966111
0.816059940293163,0.09235437126664896,0.10762662412841253,144.7067627462511,0.013010053774073872,0.6623159976274365
0.5531445879504575,0.14056609048587296,0.041758834186735275,4787.074352198195,1.507652350562457,64.8160847168444
2.3542620536505336,0.04850984213980926,0.10901721500181645,4096.759144981983,16.20057486900298,100.37520775486003
2.1455070257612148,0.03504446795531885,0.06114443037024644,135.82696443810366,3.1895273710019785,13.345471081598703
2.9984827990901906,0.0999045917327604,0.12303043468903721,3853.3746243392675,10.635636614381962,45.84410293956138
2.9819764223322283,0.03859421051172781,0.1292723371180213,413.9533279722701,2.5076431136947335,11.483478767462099
1.9831635105823424,0.03195118596524825,0.02328199918330182,513.8315192747373,189.3168260142844,353.02299260998035
2.7173190807039487,0.025972098793328107,0.03312144089933507,561.0474757463929,227.21003712299714,321.04507468787136
2.2915228056351773,0.033531338188081926,0.07704101386774313,1195.5286469473529,17.871309683100293,82.59248940666293
0.7788328103031391,0.04092197103820044,0.11976297790024487,2069.254481203388,0.26488844614422447,16.474326835140282
1.1208861078108454,0.07777073778166706,0.050525123139711144,114.13182292927858,0.3052063389129503,3.866237337496176
0.6301958874773658,0.022687051951179378,0.06794674515919538,1018.0151573056212,0.6819265454938022,36.75070532964746
2.7629053294061787,0.030565849066233525,0.0292401041367484,207.6126231857442,109.14887292418882,131.69725291286244
1.4813768520114394,0.102088129002165,0.10125705459568236,387.0417849257729,0.2261226660822744,3.286615001816098
0.7531625017197384,0.0268903020002214,0.14044340650835394,390.11111669876306,0.04261822387219583,3.3237616794932316
1.6659222620330332,0.039890133565468375,0.0343613736606108,626.497652841615,34.091593235658394,132.9593567848215
1.5134471767419928,0.11419826985145742,0.05420420985748885,369.5623679249822,1.3417501794583,10.00185833059593
0.9498931836236104,0.02732745162352257,0.023789585115908854,152.1960285188404,6.753184135896696,56.086258728199624
0.6128229014516284,0.023628154152084194,0.061703361547413835,176.77419105484987,0.13960733782691256,7.2253293913847525
1.6655417600573794,0.05309216382327686,0.05508030158305129,113.97514003646991,1.1305715573996382,7.071212136310008
1.2701297612284534,0.036784562515499296,0.02675597416705167,629.4179013003129,34.865521463881294,182.15089189399245
1.9950350340029472,0.06223673927462771,0.048737698232219,4183.868289694927,87.82707228445868,338.76842192800814
1.2698016384875814,0.10102026853938662,0.039209565944416304,157.22758191166224,1.006914184119139,7.7129991026969185
2.301951156307144,0.026365943979164155,0.05723530226159136,4052.0518110970456,190.44463049741896,647.9642692267904
1.3441167742723925,0.06444322560815885,0.06508987212553888,1761.8105888726159,4.585570663304398,52.040727647761024
1.3660436859789862,0.05538359339422842,0.020345302310579745,1210.852782164683,126.05272334841777,432.9101392748035
2.4051330234550408,0.026736697359771387,0.09267377467898931,1248.2671764428412,15.544874984989905,78.44701760613297
1.030245440546614,0.07031806295561921,0.08413199410261502,2538.548565397575,1.2626931649914839,31.52740050111309
0.635702796499416,0.034712198884641936,0.04183627639517455,151.93353495442994,0.292493021445336,9.538297022679998
0.5264623037822843,0.0534459635037392,0.022251135700458138,720.3813408471653,3.4004276103423083,85.99272475337156
1.9345546556235538,0.02360604983798402,0.0915465996354168,1528.7516338415658,11.640474133903306,89.6935954654766
1.519373884539069,0.05048870150255627,0.13704613069449695,993.0939453480919,0.5105408137758009,9.547254149988932
0.7322988175890771,0.10487305932927894,0.03838255252424568,132.67450188168925,0.16735075078010264,3.7730747210295807
0.6383922977516067,0.02243312996947216,0.028965266920567084,1491.0092854061968,13.553812799621728,303.4410235376543
0.5132015437684251,0.04648758725510704,0.06395646459203173,807.7874385333183,0.1710059816223109,13.08068224910527
0.937087514704119,0.05037158038305648,0.027322831390203233,440.7404743308279,6.723592792647687,65.89877714765205
1.438848902891524,0.08618957292454645,0.04099411525894362,378.54454138998113,3.6172953684522513,22.562419200140248
1.0097066079706374,0.06361606566631658,0.08146275326966099,1134.4256061284593,0.6467824892453993,16.27936627124962
1.0949433792957999,0.07671524324159058,0.061825237789673165,3264.1823753585145,4.502057580751514,73.13143084069955
2.526633342674535,0.09571846497782903,0.04357209235202627,696.6072904471175,27.02927577078629,58.11241614367807
0.9331800194914289,0.11363455592351743,0.04664167550565408,2518.7201561919032,3.381302767985076,57.04766774807565
1.2558320660417037,0.03764352497252396,0.06207424625497701,482.22711862698316,2.0205164087098075,25.050780076907948
2.035966257488353,0.05913339639934316,0.020237739056571797,149.26745249308925,48.95519064442096,75.28875918063207
1.0175137020358376,0.10868660727373383,0.023427769385649316,127.20272097372325,1.8263711716978022,13.018171994797655
1.5242196211594476,0.14684540195909368,0.11808229730591427,122.24062368929935,0.03410233872239709,0.5459896566351119
2.3443335486554093,0.12006429851105661,0.02339800784500913,442.4494792941366,70.60119599453624,94.6809679076969
2.740568520487179,0.04227529120235383,0.0830857306805776,374.0733965261864,6.0485820442812575,21.07702173655767
0.6507518589835553,0.029635527014760035,0.12767908271569917,1658.6450926910081,0.14114597577178792,13.405035650214977
1.2075661015451435,0.08912749520367923,0.04219225144647608,122.01110705003964,0.6113121114088946,5.571657713884117
0.7941877756364034,0.05395828143919099,0.06293193418974403,237.50994052603147,0.16850808106390308,5.296097485675367
1.1382746583002106,0.05294718220652718,0.11818962660219408,292.3900952479871,0.09396445965745039,2.6999728730018053
2.8945668111072758,0.1082761903603937,0.13343049244251262,851.8759060139429,1.5299228562399436,7.674816826155146
1.2086523203623114,0.04142670990681308,0.08875506490288665,176.00582068175004,0.20436758676645114,3.9112262238888005
0.9011321427542259,0.1130844812289945,0.023813739197877198,168.873737052032,1.5412832701226025,14.237824956619713
1.5554342980376763,0.045395114801330766,0.07701598538805643,4012.998645894371,13.87116619428713,139.09165130653187
0.7688464578392845,0.03874842654277698,0.0457162805169613,2324.430775650839,5.43512364705271,132.40721032150984
0.572800182884535,0.04992280522662728,0.05163238744236349,202.7343130317544,0.1056116428726793,5.235260099678803
0.6298801483335245,0.09294323715047903,0.02208197166215078,490.62142592969946,2.333617274618754,40.91308148150292
0.6289397359877815,0.02578039037868256,0.029391454100442575,401.9676562610203,2.910088527540674,68.11139249626902
0.656407108002519,0.02971042353191974,0.098350785260833,2207.456708350042,0.420736683412445,30.251869222824514
0.641207424412845,0.1360199174242378,0.0499196791852983,735.9298877022347,0.21840113987692517,8.352955264663668
1.5764038553929782,0.028483668377663657,0.036728478512147084,164.89704316815371,8.718691182948561,40.59100556026951
0.6926282793937878,0.062780703760451,0.04335809690634411,1801.0482543138453,2.227562452123452,63.41766031123565
0.9288625067546766,0.06426368789643715,0.11186182828949155,472.39008114903135,0.08016492330755931,3.273964622979424
2.4934865320920117,0.05363908934304817,0.09045863334577549,279.7051160959956,2.080322780770487,9.534046090683727
1.1689174644319713,0.07331985331763521,0.03461964826695784,434.471101989867,4.344738007747805,34.67600871529679
1.6536016359174581,0.03177916344879434,0.02534260790967836,700.9280999350332,116.71064615759215,340.7301348700703
0.680864871160982,0.06090365237516215,0.03323103576697672,382.7744758051669,1.029654396459295,23.250058753764275
0.7056672214863239,0.04233547087881137,0.12786400369547393,257.6265700494128,0.01948416913070176,1.5759442647283701
0.5379872325776598,0.07586289011729361,0.06455886089335931,475.38228476441395,0.06907209637459476,4.853165611057179
0.6767480840368184,0.02658332176085023,0.058594636058374484,107.78893979669806,0.11899074132535753,4.795429552494723
0.8236741283772353,0.06318044919429262,0.06651367322991644,2053.2917818867,1.1755527824448604,36.303857182278506
0.686611280075227,0.029050452862087746,0.04181452351982811,195.1777227646172,0.5665906211253298,15.830156900519281
0.5861300558283062,0.035063861846748826,0.10169464498939354,118.73879072392536,0.012349838937214367,1.1515477424791298
0.6206445673708711,0.03107523845341713,0.05740338753522792,1290.0735500216713,0.9994406430751507,46.91580426743646
0.7236504646653605,0.10557902914916273,0.025939994929520024,2413.63326789674,9.453904067919005,147.5142382907597
0.9603444971705147,0.0355665402268972,0.05899492300543838,689.3778070984107,1.5925519734573823,32.089629485888295
1.2322669002568576,0.12951501003762078,0.13200376367837485,223.31319523870533,0.026717165837702877,0.7316067229829043
1.7226680677647659,0.14118063350555315,0.03722691029976743,1788.6596502961377,23.912617237275533,94.49121904132446
0.5364889670807261,0.06322923162587578,0.11532721100100232,1544.5128636629795,0.0468383232016347,5.911832110687364
2.0942677539391608,0.026678704624245854,0.09325249171160269,262.06353211747387,2.1193263141247574,14.193987474252141
0.5788831351673284,0.0997917406184318,0.02151941082945025,150.4263703797645,0.5589225563765025,11.30604664227588
2.6034426440242746,0.023832817788626805,0.08679742031140023,2894.244569857522,62.420051189109124,251.79405013034085
0.5578248986056695,0.06141166939423331,0.02990565018203355,1474.7525802571697,2.968539942483254,89.8692069326212
0.821150369126689,0.10978993189837775,0.04225856996827421,3934.6662648867787,5.008524133210169,98.87573754434482
2.1199056789080366,0.09942929167779373,0.054960098413100685,1687.2716474291535,18.5489132231403,71.45678105315797
1.91086153370539,0.028462528069151508,0.08626985889543691,210.65934284841802,1.5319985022532363,11.401698331349703
0.6959135077413202,0.07757829831965651,0.025125473383058344,563.910285327289,2.9419379147223936,48.078153259529
0.7275711033892259,0.031187799603571056,0.045355033876911366,132.27613404353446,0.33349343907365303,9.000620687757372
0.9710762540627976,0.031043805697340554,0.053149417403766525,459.21521869566345,1.7184879469015217,30.510469022609804
1.1912479632363668,0.11638482178482773,0.0594684760783405,1819.538652126956,2.3936007983324377,31.59691938676722
1.5137903341634802,0.033075439588354766,0.10402690855639292,453.4774142529816,0.8047312000690936,11.507358150175794
0.9683684116798558,0.033992847920292425,0.028265647196217956,364.0490455122568,8.202723699714769,77.88365821330031
1.1452280379043591,0.020026347720202568,0.10184319290507562,1026.8133688841483,1.3887061379319983,33.96792135057822
1.9081629077735591,0.11558959462657353,0.08078692316311446,3032.8388342465423,6.585586110915372,46.02726355099418
0.5339678197815868,0.09876407810959462,0.06129866448202858,120.45987740606841,0.015355936760339021,1.0399386330260094
0.7859666675506388,0.07079152143189058,0.08187658827792653,451.75472757651886,0.10752150336456051,4.489080186837358
1.7949976178182565,0.09068981227772908,0.04587443821405851,185.7146968808024,2.3367261599655174,10.48000235179772
1.2506403767606815,0.050360637536361705,0.07649188579263365,151.2247436194757,0.24999053584414815,3.851098242590429
1.297283153077488,0.0405852734538408,0.05756392613287502,1347.3748620818092,7.237919917807089,77.98394086484433
0.6058512928240403,0.02415962567990596,0.07253074133661158,306.3463535656218,0.14076509519557953,8.761845091470637
1.114614008595299,0.05326279495603501,0.039518425772239824,217.7477619251704,1.7472096805223427,17.506777937940317
1.2984546804978292,0.1278596753413452,0.12433511734161598,3897.9378403503047,0.6613646397826576,15.363555773424887
0.7720558711161863,0.021681243100888044,0.06531525322569479,107.51590137370778,0.15600250166654683,5.38467221935933
0.8099942970812778,0.03598124205104692,0.023755402947001632,554.3326428278036,11.633052239254916,132.67915937860982
0.9830014254567206,0.030383725899002192,0.049503515788182725,108.82874262123568,0.5341922576270856,8.620568196460486
0.5183086203872815,0.03231639496014959,0.09180955460384817,663.1474180285026,0.07032820399682779,7.570962535465865
0.8904228775508647,0.1247285525121447,0.09907096392809092,710.0100002031243,0.07872071743852596,3.09851331187508
0.7303121658634654,0.05135929973024484,0.054179216154463576,351.96128159071077,0.31970096482954957,10.229870770836186
0.899109276371267,0.051176496256880546,0.12133579371632462,167.70225243996038,0.025396839379696418,1.2007544495679863
0.6196736894575403,0.0925934525999244,0.03429701129642963,435.9845873291986,0.5289954010148994,14.883073027456863
2.4656698310413154,0.027303614209474365,0.04574345991613748,1387.2494776935928,151.56288394866007,359.2217150294564
1.4483539706496373,0.0533847277214732,0.12228053875301528,2134.35674262712,1.2654435813809795,23.235994019961115
1.6881627887249275,0.04756564610911211,0.12170531095301987,797.4975421218282,0.8522971337069503,11.465221931698919
2.0561963809487,0.06658300913668613,0.07962889286513442,1004.8724594592147,4.949598375305901,29.364459466540737
1.2213311240535847,0.14986638178961947,0.11289913082937163,219.20032661249223,0.03527005605269207,0.840892449227834
0.5842613195163237,0.09426379431445829,0.02391729404053338,307.7270102926387,0.9064558877893254,20.005757510745998
1.3089411811447402,0.0445848038597424,0.114275621617822,188.38910605642855,0.12095093742976731,2.541166503257371
1.4309391108316707,0.10597163015468536,0.03815856693299152,265.18278166417167,2.513527824506696,14.75516257293226
1.9012300207335,0.028210466749883832,0.02864712177771906,241.03266020873593,47.573743415063326,118.7652937947237
1.0835935717256533,0.021266087060755178,0.03239613999765797,763.0059187725747,25.57410681043945,222.26519228927995
0.628415337961768,0.030194986986481397,0.04642779373646975,903.6314087270457,1.4135245578392857,52.34779647935344
0.83136278567059,0.03971101265972435,0.03317709746110623,4031.22764523969,30.42451286117444,460.0355726009476
0.9583032196574723,0.055952492585055934,0.03815454443831451,214.91595755940187,1.159204199362601,15.170883644916714
1.590711106324364,0.06907258007191679,0.026250914665956342,1230.8008402876574,75.52025043202366,246.79467725440503
1.3903426835146808,0.125275396226234,0.036324764746872504,2446.2395519818688,20.856000655113707,123.45272603661508
0.9463834062958854,0.05587061982308031,0.06335974102134134,895.021446808373,1.016838121342415,22.659041410368708
2.9283843600793458,0.054913217970955545,0.04871683433682805,271.17119601475554,20.429343731076273,36.5584582016664
1.4803160144240524,0.022130728348891206,0.04021889672029871,279.29616047690496,11.986235558572437,69.29703296063157
0.7648360130868518,0.02145753072378456,0.08999561281826485,116.59763989049137,0.06353187669630844,3.0788385722032263
0.6000288920906645,0.060719575722539165,0.12103360251743511,330.32434226434526,0.012625574677411181,1.336975175551371
0.6575329708103101,0.048357420506669475,0.09188972021201454,1841.023430450557,0.2656982549801451,17.788163631787146
0.7768949853819584,0.10848364086550752,0.03904369841595135,120.42904548478766,0.16658726366266902,3.394522263839319
0.6668135492548918,0.027646138288048572,0.08963187873436888,235.81754134885753,0.06689722091705887,4.247880571192175
0.6984693726442717,0.02103205601994265,0.027165766669055673,1584.4109350558213,24.389505864151264,427.8000063606809
0.8333302869825512,0.049427247620373364,0.02600556052210389,2136.4932698249368,27.091224832238698,319.57373657640727
0.6821515720143022,0.03227292149675134,0.0401305237071565,593.7072073650501,1.7210476988777879,46.75375745586824
2.493383842227004,0.02210271439438148,0.1018167080258613,1534.6429968287634,19.422839237037838,100.19915034057449
0.5773032386021527,0.0861187838139269,0.032854873859316736,456.1619932444697,0.5473617878713234,16.99717890471873
1.2797324957823542,0.02504267441499462,0.022718549700336193,186.93378801984795,25.413447223344527,111.04943176294958
1.0430876619108,0.06813132355997946,0.026078578074152755,474.72712451201204,8.492755452993022,64.12117377432008
2.9067598541510136,0.03523430789657718,0.1128455539393439,966.8251295869704,8.932992790992959,37.58146304724931
0.611157599135507,0.028369368509147327,0.07171816970195728,4080.506635138965,1.6954194930754392,102.54405594296384
1.0199099676755472,0.04298687188762849,0.03331167920699842,130.8596653603277,1.6642041120699678,16.78765353875727
2.8403027494138544,0.10054121961812552,0.06122768823227469,727.8591497996493,13.765570324952701,32.90965708319826
2.357574668911383,0.04406927404705404,0.05790212287157117,362.096925247123,10.56434430745097,34.66703303514549
2.1616016241866594,0.09078193458348986,0.0749163536357105,730.4766219896813,3.6816683623160356,18.594330002830976
0.7937018848999027,0.025753614649893133,0.03199509408846023,109.83318202880189,1.240104060593205,19.83979825499565
0.6791198022892946,0.09489696662787023,0.1141393948666136,340.2676707748588,0.01438604914620501,1.1214886194721037
1.6568208910137658,0.03223748627869313,0.03730323021169357,2471.3336928849885,127.93762403240444,547.6513358139273
2.6434134313901443,0.07830517846851656,0.0809911783761256,873.2335034217496,7.385207918001466,26.963782387234133
1.3558628008872828,0.06253505236491383,0.020660462965686594,582.808852453547,50.17303913287581,177.6190405670262
1.3924228238140233,0.13004346890865137,0.04237676641766038,305.56142895219483,1.5877445826362517,10.931424037005067
0.8257262405440976,0.04364765617407639,0.04062539843016507,320.89674083674623,1.1758730416857608,22.069700958015215
1.9849606077713493,0.022852230155740588,0.05978774401224876,447.5873918089099,13.652403948725444,65.25714432431943
0.6990662430532115,0.02078701928905221,0.02315680725295668,2627.9044645463787,66.24864521318663,988.8480777532632
0.8929793311875911,0.10582344430056974,0.0982750681824336,4398.111407418459,0.5939080191082204,23.056335503433566
1.0715782769564774,0.05757127209093314,0.031017124923666782,556.2401521287968,7.588645954602916,64.56967231943065
1.241559836974934,0.09537093383545632,0.0782491378744839,465.9021066168297,0.3716923453811765,5.9434473794675124
0.7719718085301076,0.03207500681939992,0.10089968513751255,2743.2436038115534,0.7295804762217858,38.910847222373
0.6142291497380329,0.040086617672184584,0.062044995137628275,531.2504787724718,0.24491287798676944,12.687267135799031
1.493223285929275,0.021250674936901966,0.08899143103997484,866.6870683108598,3.66994854305178,46.13910985614483
0.8386258213630615,0.13880166762176685,0.07589240517413848,246.81011870608756,0.045700264567360066,1.5534279834189433
1.4166457175559215,0.0768166440510976,0.04093929401606095,1833.109914943331,18.833740623875233,121.02218280561728
0.6593067836327557,0.13111175139931006,0.10205417370464018,801.3683673470885,0.031390742886559915,2.3214954124634444
1.1840492749636402,0.03414724081910375,0.03621693959142308,2368.783849404069,46.17262811481678,375.72262259023057
1.2983899260221339,0.06856431094663476,0.063223173731045,2120.515687594054,5.102354190053945,60.27638181697476
0.5486514790613629,0.07848000736515609,0.08980462071928257,231.89247299037459,0.012833996823547786,1.2060853872159722
0.9139007722281582,0.03792324026548353,0.04291801555920497,1643.7786464499666,7.971807954284345,129.03541585694748
0.6361579417729668,0.11045300462002025,0.03681037153528233,2287.0119872624887,2.0357097668618014,58.32660636105178
0.5601254642163972,0.13485104057500955,0.05046449082254908,387.28066946930073,0.07480152956074196,3.7899745553261157
2.946515954421722,0.1189412320658184,0.10394369819185902,196.45256577238453,0.7166347552702331,2.7026449208712973
0.8908612153979386,0.08866635949427178,0.1302472338255527,101.03502502676136,0.006945098386677376,0.3590354744576128
2.133903702875547,0.0349807074858796,0.05998067869265517,583.5415457415664,14.307844567369358,59.367192148135764
0.7890762068778289,0.03527453400928364,0.07583216391078024,396.9836673378261,0.24151746883709008,9.26562362265791
1.6954391202759078,0.1393250779712625,0.12343824905606549,876.5469093353071,0.31051594472918753,4.20029518726238
1.9522807142250518,0.020418769175508857,0.02439296136730091,208.6777646332888,99.79769742533936,201.1921699660439
1.4536740410937985,0.08464817318126093,0.03192368149858368,2887.6594827710956,61.35236148886174,291.9582396398345
1.1639319911290764,0.08299246327292203,0.08343743231704322,274.1058975951015,0.17077348630256753,3.3131165877326554
1.0457901009297623,0.07013285069691699,0.1051615225337348,242.4918278448892,0.06477080518481057,1.9618132420694456
0.9342052039249351,0.14704013521696635,0.11245606943037946,655.7205019075074,0.04869694452900973,1.9765627290087495
2.6441389288756825,0.037492431679190676,0.04616089347458706,703.9355946895527,67.21407179844104,139.7901031145806
2.214713408996346,0.03967584676867338,0.023944616374056312,231.96547573904493,88.11843986157032,135.50339185106264
2.8177788272702093,0.02344805420204248,0.04831874083952941,289.6564609092729,46.66496958017002,89.45473759055281
0.6247295434497652,0.04880962740869578,0.03183734896326431,194.23348876360484,0.57269679760053,14.715943701309726
1.8522322602945966,0.033842578802180015,0.03596207425759485,1662.0431405237161,127.81201206349988,422.02295192337704
2.686215211499652,0.039949780466304104,0.0948006728199528,2034.0337969673392,22.06340909561333,91.3088730956113
0.6918257799636685,0.1074809362464647,0.023287390348563308,610.2141152066919,2.8354321560503184,43.45674106267615
0.5632668052834005,0.13171530927389855,0.10597764423229654,1633.85093892328,0.035474522817278156,3.7326138363438943
1.8865745186438165,0.029077550075010002,0.04734418514929108,1779.6399895281706,73.76273214604495,309.0766994907019
1.3995775761882805,0.042364114380354034,0.0664695061770202,171.76155920671928,0.7209283574951793,7.706038304347233
0.64229427939023,0.022652502414251364,0.03946752175132211,2482.6108592611017,8.99737357417171,271.14278700756785
2.078778696318145,0.024090794115793297,0.023962040352154924,222.54163115433875,114.88259428251732,200.66520279832503
0.7175737704973941,0.027764003108050828,0.13881604302827247,207.1518478089576,0.01963035296885875,1.667036895621551
0.6703769618178838,0.06635561677342358,0.10172633415873818,163.49125102970305,0.013431192786610256,0.9576798929291758
0.6711098922017696,0.027083354305864792,0.050493655698016206,171.83080591062225,0.2837329349000585,10.02004882568562
2.1519508176971502,0.14065531156734562,0.03138310602898059,1866.8286397229278,81.50763020335197,173.99631934309153
1.646622529996514,0.04919631507517385,0.13117781702514456,627.9549597670997,0.48088095702084854,7.328590000830819
1.2764212291004717,0.05494003549414182,0.04004728957334078,2138.856632768222,24.01021823568784,185.90529176261063
0.9510303884092961,0.03287542649294076,0.027663124787965142,1852.9541838704213,43.62279188252674,420.27780790075616
2.407491164885485,0.05165936567449403,0.062206151956773384,1064.6794326161003,22.756453876584743,76.93413476201445
1.0100704256784716,0.07590055914907314,0.13393379347999138,1465.9402743754815,0.15779616884195302,6.525200600601183
2.1597718641728862,0.09085650154246198,0.02015495043656821,107.44490472921272,27.7171738406455,37.72467226949147
1.0982049136616694,0.09135046293306365,0.03231497481944338,338.61084999070556,2.771210373428052,23.38929365931079
0.9824032338933757,0.06407964879807397,0.13250405633910015,1212.3855475986768,0.14687340189111964,6.351895061903008
1.1455257553937366,0.12370868855369044,0.02823193841404584,103.7234122720024,1.0668657417271896,7.230216555802829
0.8580005652365599,0.10382739055549477,0.025126092457253772,113.76975900939655,0.8310811973366632,8.93519050039422
1.9086362955300802,0.09193766624102498,0.0630926459592896,2801.1226758422454,16.066181252057138,87.65074270666959
1.230729199400611,0.022371146081250428,0.11355235366550058,1452.5721801296193,1.5746689971945436,37.18527197914355
0.7579954582171528,0.020279097999782104,0.05230344748302386,282.3938384607239,0.8073393914738071,23.15068284951394
2.505965474844457,0.030685582966534168,0.14836608968722728,1475.1229827181633,4.41220665867985,32.8360481210204
0.9947076048217113,0.07614717395765633,0.07858629987671877,2220.0364784506455,1.1261410991073975,28.174701720408606
1.3241474327643599,0.045798683031814016,0.02321935104650002,332.0735496423851,25.614199468607858,106.8485745920928
2.537128190833176,0.0449945720282852,0.14784918509339887,115.14005256977525,0.24630737851539683,1.7820590436091777
1.5301062228149993,0.11887696688806727,0.04549487140836061,3843.8262960997577,23.43064009565472,143.42140939354633
0.6165018169460589,0.12153527639509469,0.035688214459999985,385.87815322449643,0.31175767755159894,9.22112288277356
2.693404283520526,0.12491484426862089,0.06154722249657541,151.6733649201666,1.9382742687259609,5.180016583180675
1.5396493065011019,0.037643720645272966,0.036924768520498225,684.936122614255,25.125245474934452,123.28068172969533
0.9111234557166776,0.08049078598063661,0.02380595515080597,2021.1741452560868,26.81471038574734,242.22268910991696
0.6417187691391986,0.034572092829153994,0.020057642362480983,237.99735968831266,4.294194789170823,65.88441499977391
2.0741573423319526,0.0293646803045822,0.0494815132113078,286.98256415581073,13.710936151059524,49.67492708206942
1.518729380646195,0.029013138222625117,0.10797836800148443,258.4434216174176,0.47210910711707293,6.9619179693249285
1.3004193410005116,0.03984695346227211,0.06336374609814956,4839.7482433875,19.998437724472925,236.03729482156265
2.480582271699466,0.04756300153644157,0.1497606088675493,216.4626756423148,0.39393319711304237,3.0201148620786213
2.0540826311080216,0.10669926483123478,0.03564826386733468,950.1487153802055,32.44960648474362,86.361972194642
0.6561392255051386,0.025464904241382834,0.03519211425520076,3732.4746968935383,18.094535941964494,465.9200060977048
0.8740512961340956,0.08792960782899774,0.027594374887001363,177.6531302897532,1.2230029586684028,13.915050259756773
0.7804267361317357,0.058356011917837215,0.027835285907984605,4461.204799551779,32.09346518659291,462.017656654569
0.53096184086733,0.053985524348727075,0.09881289135882694,3183.180551358646,0.17425038822589062,19.2385038599122
1.3881307510930136,0.03660139871505433,0.12405740064011639,231.48619372147587,0.1687684269155589,3.422659397906678
1.9600997984272905,0.06647192018656664,0.1426563166006071,1194.6495428965945,0.8879827443536881,10.38603348738312
0.9229142355307917,0.027854470403938864,0.11809169042263637,4734.03945811716,1.5452675362751886,67.48556439173161
2.1778722580525516,0.025295736471521377,0.03875014293537022,202.5511259885022,27.077297235000405,69.6826036144967
0.609618627427258,0.060175846728948046,0.025105702900986224,2001.958294342391,9.072584953499433,193.06232183419291
2.2784416635898546,0.12322439219510162,0.11543967786120635,376.3682893714959,0.44730675751992993,3.1332517582320696
0.6283121620993463,0.03999576826481518,0.0720545476322794,198.78522283665365,0.06277012034068849,3.6088927713233288
1.018871950382359,0.08758908622031003,0.02787273730705063,519.8843972989346,5.522267476482032,46.70554039030711
2.0863462719214234,0.07540480706327854,0.04755089317089941,2232.047348693416,47.6242555914945,163.87950849345114
0.6540763373855811,0.13067653669452625,0.03567780085690319,616.2626867400512,0.5534775835520355,14.539577652251742
0.7539842330115276,0.10457760267298771,0.08826131258828825,818.9089618083905,0.09298508356414237,4.547468432096336
1.8238610281324383,0.0626389269543698,0.049865132259502724,4906.208352141859,73.00064198610231,344.70749106666693
1.8166335708977674,0.07515743216406058,0.14679476035088063,476.5129726235793,0.2288831571322351,3.207009690821858
1.5771748262185068,0.12222869983409448,0.022332390282361343,1110.573798102068,60.960540642583915,172.39906244985266
1.733671676705728,0.04473355447365493,0.04089687301113685,417.387023512687,13.53868502962155,58.02877909888465
1.3221834251002789,0.03863628703436236,0.052810729265975576,464.8694765659782,3.5965406678829965,34.224276574716434
0.7850688701124389,0.020440445459709352,0.05511917133474766,1520.1021522045903,4.092967967037688,115.30179423916023
0.9289102902844621,0.10575790105196901,0.03780012147997442,3921.406278485598,10.48121063103311,144.63308514045488
0.6922779432630883,0.10044704831327195,0.08692804036524411,834.5485145770075,0.07993130837489024,4.566951248057283
2.5461380348769116,0.02468505494572249,0.11654329025296437,2020.6376025266343,16.258446183474707,92.06890487920711
1.422122667865464,0.0639463181972439,0.1325766051651517,141.76181588044767,0.05211886079860844,1.0762130265251915
1.0253993445771674,0.050938060706057636,0.10128287557144672,228.4289648798112,0.08863811239294113,2.6895585607966765
1.144143237766658,0.025404328900614427,0.11100429367494702,713.0280190294542,0.5854117393549528,15.636910932263286
2.7296044626711184,0.14424051597788864,0.06064442211398459,108.14322535044613,1.302204884796192,3.338729979773952
0.6581131829363971,0.030824926533370045,0.10561674783418955,268.90137587593466,0.04020083469769059,3.0879995897881742
1.4293726934268773,0.02290150493535897,0.03686502305541401,756.9187641669056,36.69601121296701,208.57053791023466
1.2377356854386365,0.06630677342682563,0.0446399114734652,106.02752579949994,0.6492548337217054,5.959272506734988
1.495456835545554,0.08863058250814768,0.03787462119571036,281.48561462682125,3.7238317529998026,19.86557491430436
0.5164906530940635,0.021351087411301557,0.05128880116719467,747.004027942397,0.6805552638665466,41.21654330390303
2.3856916722644472,0.07541335893385955,0.03555737200945433,941.3765600602278,71.8141078295081,141.3257664877909
2.656433884819493,0.05845450633557469,0.13883498548783202,3739.593170439607,8.535860990866995,52.90037907754516
1.376350667363218,0.024625961989354333,0.03756541673572117,1248.5986364910773,47.49993421983569,296.71095234933927
1.7420864949499977,0.02831385198489088,0.02436828543352483,506.55159622283855,124.50868614127123,314.91674154257527
2.611043163592832,0.06281195369399464,0.05781323754361725,3807.4897551373338,106.36467570985904,284.1235040594713
0.6571559604187911,0.13246884284511862,0.024989757308359305,218.68004650126275,0.5718147451820866,10.422959248223242
1.404137093493215,0.10410650222243086,0.031117819100005318,166.8388728895716,2.8045369771628472,13.943180554927117
1.4828119464120226,0.14511475001585591,0.05097590115270938,1406.6423793524302,4.544397677829463,33.18789003342624
1.0690741205013843,0.03374876524452678,0.0478796650818369,893.7678001638974,5.61536060469672,74.10093286464094
1.8708329363028915,0.14112292941508123,0.10018653734669038,2195.997205142724,1.9299755974719635,17.402102570953915
2.6671587463962885,0.04768546814150041,0.08873922275891914,1799.7310902574638,19.519199330783778,76.69913093486241
2.6254412229706614,0.040283781505856035,0.04721550298942119,1154.0261298904559,93.81648241000882,202.42759705094522
1.1214792045279565,0.022135478593608086,0.03917794219700095,4740.604477914801,95.68289654977534,938.8669235913958
0.6124721299947505,0.0222434848720651,0.037840735551783876,806.4045064363414,2.9280001773458366,93.03975531102206
2.919613847028182,0.08064589008708388,0.0951312305724621,155.6550759197832,1.0627439591188201,3.736039712449785
0.6251387580201898,0.031568234639250695,0.02052341960593711,267.8497887071376,4.567323906606031,75.5560489323591
2.6033002896882635,0.06891148798437816,0.09935279205485888,2092.2473863270166,10.403864182506622,48.043735881642625
2.3761888090032133,0.03328866204179374,0.05230730037110101,4227.622951971686,226.77570372683044,661.7706332755139
1.266789594052516,0.06404617068032621,0.026035085612143988,1526.9846712524586,52.314085389451186,267.3494077519262
1.4423535373676744,0.04124389339260199,0.032148789125900475,1029.5261095679969,42.937793008227466,209.01210727986282
1.0220083810122498,0.1051207976317372,0.1309266581955207,605.5950307615303,0.05219314594432529,2.060834883612873
0.5515474005049888,0.10451759671335534,0.11301803585423754,416.0269181116846,0.008812070706694493,1.0312657592896692
0.9115996652868229,0.0523288075282094,0.08358635718328972,397.8730134998682,0.18786705072605414,5.9523472007205855
2.1072274703990854,0.04055255375946817,0.052845330085752935,1205.530322478771,35.90170212693886,134.5889390286943
0.5041670035839609,0.04152331608197844,0.05706174457004583,1889.6896775651308,0.597898244677727,42.279908612534776
0.9088303083606926,0.10140971599091853,0.142701556720249,1421.6089483552787,0.06897688084365411,3.7538525749901703
1.0204822876046566,0.038744240198898154,0.1400033090059661,217.3165543498937,0.041374034344859194,1.752127809028092
1.3096192940216262,0.030476827388850877,0.030860545523278608,690.6681062832298,32.988664983702336,186.97724812074733
2.5987039252989663,0.023721245220576878,0.1025170692700835,2212.955785445229,28.943950782887107,138.40473310132333
0.9299927714257491,0.05121710982498677,0.02975975916605652,642.994058322971,7.29765067312536,79.09770647124563
0.9310051261202998,0.052835414548997255,0.03075306249852332,816.031373026682,8.162318501347112,91.22383326847395
1.874379486860008,0.10886208154709828,0.07810032125830516,2042.3821920244463,4.939866186666885,34.591031546321844
1.1242527549954262,0.031233985826586985,0.04523043542819527,1328.8315175026644,12.444652768700957,140.28013814571605
0.7477329658875683,0.04309438635610435,0.13067377017150852,495.9806598045528,0.0410732489737956,3.0238829529991467
1.1246991826762278,0.1019611072066459,0.02392869238885422,3321.0800043714607,64.4225231059171,383.87912073743973
0.6435437411202729,0.10513591846564557,0.05605911911199104,188.8846098138178,0.05177040494331425,2.207406124742776
0.6858446550675713,0.04340984645763078,0.12728950761708654,4913.065849316028,0.3372131386984268,28.74459082991545
1.2211682657297065,0.05044192400901407,0.12364735700952728,159.1940991753046,0.05790926268212469,1.512489635054289
1.059149746695961,0.03684883233334106,0.02741590881168892,106.02286907982901,3.159953398550547,24.32647291010682
2.575481805547003,0.1309400932148498,0.04186590124871751,3251.737027507718,110.122887787115,218.94327884733286
0.9571219365555966,0.025400985068965366,0.06963044170877428,260.71658757472636,0.5077654657393409,12.15733332141778
1.414997117193768,0.13125563139123037,0.02757466753572519,1736.7518861792935,34.056212011847265,147.742712890145
1.552269951370919,0.07933321179485338,0.14063994909169994,2387.2109345202543,0.7706409892059037,14.168923580480708
0.5118697586323017,0.0583697986485343,0.1263256957833906,2879.99751146634,0.06252416973239797,9.495793067829833
0.6878740318471043,0.05214417493920795,0.025529860789133073,315.9109266537701,2.2572566835792816,38.36384422859398
0.6526075469944962,0.027676191882091063,0.12498241647835222,157.05830194856733,0.015388801046723253,1.422525539752878
1.0510183163607023,0.07506346579938669,0.029543550793084645,491.0851294975286,5.610630232983861,47.26768398847037
0.5826194183071696,0.141529357662877,0.04627056591171825,2758.534827568701,0.7411618637936289,31.82427504047901
2.983245195620063,0.06208399380985482,0.049408587542600045,421.34708346067026,28.45513006903744,49.761752620439026
1.229571192479124,0.08442730001584216,0.06686538611662285,1009.8417486415818,1.4166680041531563,19.736613516307976
0.563852680136008,0.04639959658967922,0.031583312532362684,1251.5617320329354,2.9234971923916944,91.48283498404054
1.9166935532483482,0.025284292086692806,0.13065954770164792,4496.953376937696,10.694066435308663,119.80893779368074
0.7282966361876336,0.06874860555827304,0.12472240934315808,124.36351479788077,0.006860586230828914,0.5081590503791767
2.499148556404595,0.1325132723202825,0.09653997380877832,944.3726519636108,2.354937619697998,11.466027863609135
0.7221038692479893,0.0758797784741186,0.02079731521038542,2925.9035699386923,30.74339640073748,386.2516330700758
0.7036454643882222,0.02334733786589998,0.03865279929287524,657.4379774732521,3.2357647473203146,79.57207062374648
0.5338400764943687,0.04086811935653816,0.07088141193483755,135.96130782118485,0.02707121943889711,2.120940010203126
1.164955907253632,0.0606588521920843,0.03482076354620599,896.0650655057073,10.536579494197959,85.15879666995873
1.3756306335731956,0.04506729419517457,0.12501844080519461,366.5925034685955,0.20641729043334528,4.295631594921206
0.5624724613769544,0.1072802005434075,0.07173351447963758,183.33333794853007,0.015692785243928607,1.1208052735446095
1.126412024354379,0.06861508743613859,0.12487214579223306,769.4526980962492,0.1567826901508127,4.860485867420485
1.2794548004918402,0.042445199282181496,0.13776360459383424,3851.3113575545613,1.3844972629868406,36.70179090987781
1.0252370238929276,0.024755774059018996,0.05846255821351611,1504.3132869985955,6.242260311839668,109.36583725818869
1.36287124307543,0.04088718496834148,0.036854653102865495,101.98544130234059,2.4025872368669354,15.0166269295568
0.6603442428191074,0.045981301580987684,0.04413552065798176,533.1620387453044,0.7397161161218708,23.584305786136085
0.6926879082841108,0.07805782722587995,0.028723398095123025,216.5325890852823,0.7410591508893655,13.974105977969169
2.3419065587810146,0.075328646308947,0.0641030213646675,3527.1045314987973,43.48826228611616,160.11129935047393
2.7238985857710656,0.023034506537857106,0.13782265720944467,197.9761859381146,1.263821336352878,7.394945663392073
0.9760253903889485,0.04435127522976567,0.05511240215937546,306.2015940169236,0.7304279049488871,13.311132912243544
0.8121762963035266,0.028846799824698205,0.023636617866571643,755.2490114915292,20.23150310696632,228.36177882452847
1.5852547171071958,0.02743157349045921,0.06975400463099905,280.18629530441746,2.283634475087653,19.96678686403486
1.0399848449692441,0.10591807034286553,0.039695927982880214,227.27611217812594,0.7349665657698736,8.497087189842501
0.5232683037305539,0.02176247965703287,0.1122062306761449,1041.9617655672705,0.09249248915021364,11.939472430747182
0.6614245998084072,0.04654153391361736,0.04801755088723021,141.60826169588088,0.15147104073483092,5.236962716389594
1.8034524221698827,0.028068454431170998,0.029496906224250313,125.55247469962879,19.472967569115493,55.63009261152186
1.6282177828105224,0.11762450400854244,0.029394029337357602,428.9765881742222,11.806919256767488,41.2364512133984
0.5248736671152656,0.06144330540588849,0.09413383472859958,1676.4372083896367,0.09009081560860668,9.696773554687658
0.7442141440707121,0.03187881927473976,0.03415351563608599,876.1935271340781,5.416590748045196,105.21463501422015
0.7564516007391331,0.05504078919357659,0.09384393691091322,522.9430980908171,0.09478405004417262,4.896544908756893
1.666495644313033,0.08732234173755356,0.03028265898354584,914.5236426552699,33.24610645981341,114.19234333459747
0.5179737892558847,0.13786116716963684,0.03824065090136442,417.7256182499001,0.14342913531521087,6.439581469768625
0.602534928332728,0.03118413878811093,0.051092789437035595,3894.794459811294,3.9017489905237297,172.96771140976526
2.096166163918635,0.11925959681505374,0.1337778301560296,123.96005571036564,0.07616471110128525,0.7304610911312791
0.6885012869243742,0.13140241111286433,0.1307230202568205,1393.3875444754672,0.029509872661815362,2.5634240225551603
1.610294109764604,0.12675179407622303,0.030342793419742043,3267.853005900149,73.40033235554726,270.5538583969498
0.7661472255809275,0.07195425576384602,0.04116172837780359,2321.5391241335037,3.962927346951116,87.53783476650787
0.5975172511055029,0.07114782910706055,0.027024869985507616,205.4377253091729,0.5944560434602856,14.174019201766681
0.7730271526514589,0.0450675554500396,0.055885376803461194,318.251156418795,0.35598883829460176,10.487105110953832
1.823907967386969,0.09108025484783967,0.05059038032965797,1652.8861459160632,16.19810938096991,77.59558015061246
2.3164945402010884,0.05833709657712854,0.12281469143625068,139.05069128928935,0.3046575300648184,2.196393906492222
2.213128495490208,0.07831226951458532,0.13026917912914798,2395.1277122633555,2.8565012781174848,23.931691343495913
1.0186825447672823,0.04741949344125275,0.043318654767815615,1664.9505329680392,8.697147395798135,114.36275699085382
1.655164979138813,0.08732411957436749,0.053867996265353116,1736.120287249446,10.985446037592302,68.0419094705154
0.7219029061091677,0.1053156914572902,0.12170029196893664,148.0154607108421,0.005587482865408601,0.41101795869973384
0.8454409452922073,0.026864000778108313,0.10161287728810123,1657.5003773097128,0.6769042259416649,30.312375621376482
0.5117848991876306,0.05940493997344849,0.03811550886687846,2580.5506511240856,2.003031404342599,91.81742305275935
0.5827852809654198,0.10968933744212137,0.04678517913496809,117.67122698918219,0.03949548024000551,1.713756442076031
0.7256662980542233,0.047691986430752724,0.03177209241357769,109.46224033955835,0.5208744168812925,9.899550848566966
0.524343721298801,0.042925329908933066,0.029899738221879243,430.25693001055737,1.0296769404626704,35.27335609660963
0.6920766790106868,0.1264049835155419,0.021582102646001144,178.97271702053982,0.8892926754730411,12.62236088301778
1.421230516470847,0.033175577554785576,0.07311692527919358,888.5430582171629,3.746627309251575,42.720853455287454
1.063903028916076,0.10958913514946149,0.03394240273042638,3618.6640606491105,19.368672409315675,182.95694466958452
2.4751619065630868,0.0530368410969198,0.022224755083897298,462.5006198711688,229.4432325130374,262.18966288392363
0.922477121507545,0.03723562430608555,0.10063610796278326,100.09427507657166,0.039436340723352406,1.4690946880450535
0.7958673226090848,0.0634566334299672,0.11120778602910647,193.33092307707778,0.021270682719709583,1.1763751212733942
0.9872522370943868,0.03851320984284197,0.05293495576333175,112.63897279678544,0.3613902055138583,6.1826296638958445
1.4398218236104077,0.021646771803003315,0.04625059478627371,361.0041684898186,9.583718828970442,67.35106008712017
0.8082841481658687,0.034597557429395194,0.14345374291922758,3491.29769214108,0.34382596578798214,23.78115733672596
1.5298620000444998,0.02025872221295363,0.029959624103915374,146.12305715540452,18.293427729240967,73.7628159785947
1.0412480315886008,0.1435986548394338,0.030866157065155553,1072.1906632511589,5.459806368570145,48.96231792322976
1.3444548073623581,0.13999675499031447,0.036010707693514714,584.89520046585,4.141373890692463,25.989279187901875
1.0923011938107818,0.04434198079300956,0.028327172867611893,3930.332954911481,96.79935784616328,723.9381211174608
0.8474398908129677,0.08677589780396301,0.042953458251388764,161.49398383909428,0.27222639566556367,5.128863200600684
2.735332534501991,0.04014500506334644,0.12533308943579885,229.20757062479814,1.1305018976094092,5.9652319099516955
1.964132617588897,0.07731746769484213,0.06910302426547937,112.25118089860841,0.6350022346537145,3.5829541132405747
0.6426866033718303,0.10135160410192884,0.04586785838179365,546.0632794250052,0.28230943690009735,9.875200408108059
2.3701151464728367,0.13474098295467324,0.13143065918473223,296.5034578956854,0.24580404573049758,1.811579406951985
2.483515862491287,0.0969312287789571,0.03055164039387352,1066.0468617656768,112.5253800370647,175.57460469191935
2.0959377116552558,0.03417697979358921,0.06254854237374248,1104.8968712041374,23.169266991702713,103.91620969145993
1.0711503265244433,0.14710635429840704,0.06913154323189463,801.1250634464373,0.38586208008066564,7.323489406607413
0.5205404997634131,0.021065897820206642,0.02165934092740209,143.23559875431607,1.79779245408343,45.26747755662963
0.8091734554173599,0.06747683061168339,0.04505195071634775,570.2606372020063,0.9327032658647362,20.21549577286953
1.3196031565454,0.0755332433069552,0.07397406494729443,4990.330815166385,7.143704543838178,95.59316279060602
1.5556499278825096,0.08000405691081888,0.08163652123959471,2624.396874641734,4.323548629653746,45.942184913184654
0.7936803519596891,0.02549039130773924,0.07235049470097149,3295.7945643117196,3.251147699860987,117.62442145084358
0.6418153617059036,0.13252598894089032,0.038154209125709354,2504.014798221148,1.7130872768325465,49.98184505890354
2.2318860210336506,0.028812202916618814,0.02414714740081775,149.64587374391806,78.1173522982789,119.2833637914444
2.9173181376629507,0.07014187571477402,0.047291114889065594,243.46008045200423,15.52043183630046,27.16603919465521
1.2824382919429573,0.03132457640113757,0.025923761441959212,101.22868425124135,7.452027758700896,37.00071189885723
0.6800838398799619,0.03714182006228263,0.13497668305969276,327.83445705961725,0.02150518705317585,1.9769132815539356
0.8144534943643625,0.06014710068724236,0.05209950703303603,152.9398707521862,0.18503110766407815,4.577794937853274
0.5167502938808458,0.046355342644037366,0.03790104719798617,635.7139065211546,0.6620505961769249,29.599984238004094
2.572958396210622,0.027620861010260574,0.09366837895016553,1413.9019459507585,20.20887116151446,90.06998396483144
0.6174448274198874,0.028223431780056596,0.05454632806544832,3060.2595712227408,2.9956222741643015,135.0102718360533
1.4047111207083294,0.04644428723299166,0.037353281469704895,1874.5519913082303,40.88656871371415,243.80686950181735
0.8170082029825178,0.09198118395346239,0.10269552374814507,3932.1382042469418,0.4100106932483785,19.870299694208633
1.3495976393303233,0.12212485863609816,0.1147734013951589,123.47288014200029,0.03131103139262428,0.6214991800614977
1.6064736040466077,0.023694462104299867,0.07761637792531638,104.88011986579335,0.7475628032897131,7.082138595453378
0.7237639959130527,0.024476595192451003,0.06260329768569052,310.17091102859575,0.3729838694243232,14.041188330329705
0.509948621528739,0.0206799475402559,0.09310217046735347,269.58183330744316,0.040802026696877096,4.601498140373118
0.6389806819939737,0.0758707508597107,0.026331675468228247,364.8944323263667,1.3090651321335294,26.593460002263203
2.507960174987898,0.06733024045870319,0.03170523030838201,287.3263193942637,40.232323205528274,63.881529509922025
2.3932532694995694,0.027776767736688777,0.11837698574109838,739.4607270132125,4.1902337797111695,27.279648045003224
1.4583029582480085,0.03203542933927115,0.02082752838430564,559.498606611966,114.19293159091559,352.2832527278051
1.4664354477300041,0.02097856281463095,0.0911406991711565,742.3363687572659,2.807485261824886,37.48128695842294
1.6461489305416368,0.10756226834603518,0.051953002492767617,1389.6974078643732,7.828461309966731,47.27802941581894
0.6845976185753282,0.14254237153648056,0.04920202818367839,454.6980822410293,0.16367297445787157,5.412523139556485
1.0588557806184296,0.03188489481739733,0.10424461911629287,191.58862772056244,0.11994300624216994,3.512897731077792
0.9933670015545013,0.11506454668425671,0.041295129065669726,392.4154034582256,0.9042279272809274,11.91976901151285
1.266970390925525,0.12934289497984183,0.05946111547393558,1820.9874406046242,2.594211080320933,30.270248400306503
0.5438969583532344,0.04658323696679784,0.07829059432883108,1930.2739265152077,0.2646373250653864,22.061649553660782
0.6735403459567815,0.022147655532078352,0.082389889524442,1358.4768680315442,0.6383138525494946,36.51669906583713
1.8761682654165408,0.021652111926224484,0.1372685713558046,249.80829200268838,0.5611116675856951,6.892668556177101
0.5799624706763375,0.06357279277967695,0.05834249617846829,998.0237852542375,0.29373449567013965,16.04910172990005
1.4733759361779626,0.04414050383407433,0.04475165396645778,932.3621116469867,14.358248716708623,93.23821954859113
0.7760482444707046,0.021188617697339276,0.13664039095957106,664.8960374313158,0.10950165691429085,7.825874856766576
1.00438651494323,0.06477561887074838,0.07293160802444996,859.8007129134745,0.6603621586890126,15.038578085181689
0.8387207673057613,0.02046069622766205,0.036469501172980034,684.7586597612149,7.753906193921697,126.6269441725433
0.9456646901815083,0.09773017942936567,0.025804411446466825,913.4681402495986,8.762641645510836,79.6462286670757
1.8134119551214793,0.037083224354256775,0.10922367933466783,1642.9454910102675,3.8621165868195124,40.40729578469152
0.8514823279825601,0.021689933207472405,0.04149168638137988,153.55183610829894,1.1654164736241968,21.008812997453017
1.3794897675022415,0.06544466266540316,0.07568005943639118,1877.5506748184557,3.3095518334198593,41.459517043326954
1.1733004035714754,0.04456852094499145,0.051644396459224896,170.16353264578652,0.8527800046250638,10.077488909608775
1.6421262802416485,0.1422869321575148,0.029861095751549948,129.77737060364376,2.8891965387255296,10.078137441162106
2.6789538823955943,0.0598738472183638,0.06722683100054784,4553.340296117899,91.66455490346424,270.4731460110151
0.7348964148335014,0.0835280734885725,0.045997049101629696,126.67178107741678,0.11780848807823094,3.160565896527075
0.528731518177656,0.03456225980002477,0.06016605762971909,566.3361725220881,0.2118184575127823,14.360035400139257
0.7999283676604042,0.12367965714431017,0.048150168552244375,207.21660958480695,0.14632780142815013,3.4684306569039576
1.4522140700518333,0.04255344025437945,0.09039908094991043,667.7077575714684,1.239059942517461,16.730372305837488
0.5482606358227642,0.06056178608994617,0.10605106943893469,2573.0382013666654,0.11181608823965682,12.426698750711143
1.2167966916532045,0.022145452556134124,0.09460518393235685,4121.55302038811,7.542690460620117,151.81536675258852
0.9100438223910665,0.10700377174631281,0.029573625079424112,399.27775314227557,2.071046989551032,23.295951709896336
1.9900147692551151,0.10139628820126277,0.05896501870802298,1059.3318715858668,7.649556473460131,35.878035100317874
0.6052287755012421,0.03142841485353462,0.13153961046334608,338.90725070579913,0.020007283701945714,2.263164379616148
0.5720560238310042,0.03154009761896388,0.10756434230938015,3513.6870256777943,0.319191596903756,33.04861038273781
1.843363549292918,0.10380594221207128,0.10921927943643725,3011.509784709647,2.656671311103939,26.898353432132687
1.2148906553825907,0.13037238566066217,0.036843064022769226,888.0123365816255,4.6517721644370695,36.577190733693875
1.7165291772516826,0.02423687616628442,0.04751417742174391,356.30639296382543,13.202968644253383,67.06608900183474
1.0897614519445336,0.04952892218716281,0.051632902188196314,315.1086016102484,1.1393490448861465,15.60382244498132
0.777513707960559,0.03947509313711785,0.02746248117398254,113.96622699464697,1.247953924159768,17.857997910570933
2.094288317548979,0.023665703170368497,0.1347808041428931,582.3546792631718,1.7584666405981482,17.02157687471548
1.7359968458551376,0.03060399551833244,0.032483906740836115,356.7722709405972,33.8918823387667,115.07384783378035
0.8142168451494783,0.0910931855698039,0.032433960727164333,631.542179953006,2.089187691937503,32.19643842187724
0.9546898242932481,0.053954618758740344,0.12987667515453127,162.82301825443676,0.02283080705303532,1.0247982910607647
0.5891619748059943,0.04874170714528082,0.06431843785956948,2865.047311810213,0.8605367511919598,50.22801853840793
2.5868944559732645,0.03923299959927441,0.07668812341958936,3348.4251054634105,62.399566230302774,225.2489706111182
0.6389039792922768,0.044289924954083904,0.12552077681205112,4059.0869129799908,0.23020991630129684,22.29867269657223
2.744090241488435,0.05817822610724235,0.04012996835966222,473.5002102817412,49.566598186364025,83.20926889141984
1.1118084084980573,0.027684476789250265,0.06996598756627095,233.8379705555106,0.6455774716868716,11.51028244088177
0.6966769219847769,0.06332299266462517,0.021626283682197465,431.3249125828924,4.3374291572979535,60.87822691990367
1.3202339731652974,0.10135207098728727,0.029138514016610606,367.79656221169245,6.429337834039425,33.85652592686387
2.389207657682097,0.09251611329082825,0.10676305685015416,199.19581665368312,0.45962349918532236,2.707858600538922
1.856742657870877,0.027271048811418973,0.09375604575235072,1075.7908772715864,5.836117296587151,49.995442604232245
2.121273028554912,0.027016707770849975,0.040538141311104836,645.3126105105966,65.18934791496959,184.9941021553198
1.6278077239343982,0.03433199153027108,0.04273290129340735,2956.6506922716535,90.6700581367589,460.60708919821417
1.7284860490908813,0.04139925271475071,0.058603399880868406,113.38437594386413,1.3385376997870533,8.270508578899301
0.782076934530696,0.07866955633899465,0.0325187294764234,1978.0044277743048,6.662066761129334,111.5717251215878
1.2017569758573061,0.022419650920774286,0.030426050739983234,1951.3937053647214,102.15742790678108,677.9423825143402
0.7431977874861079,0.021447206633760534,0.033129731755513696,3201.9392785525433,32.102770793330066,606.5438102705457
2.934439092752853,0.04405302626097547,0.10144881544379077,1732.2336115425771,18.126158269947936,67.26871048400578
0.5365992074647383,0.02953233398399332,0.029418659910622265,367.4291303219242,1.438129297406844,46.284046311019075
1.7701668648118953,0.07284264673823003,0.05524480141059348,716.0406942342099,6.159721190771649,34.20854569189
2.6239354044096435,0.033759463348013774,0.11442539883122053,105.66251060898001,0.7188829802446912,3.7634392625101873
0.6910109587910207,0.11923661146830178,0.03252563412739111,102.7592041617337,0.15740890244274885,3.377503028304021
1.3833029262179415,0.12156640391027786,0.023429014411059077,255.83969307520593,8.250587614170163,31.82107612323953
2.5784479434520517,0.036406129722283055,0.041011530232590354,148.34345992258537,19.288203067858486,37.47930784916476
0.5313554140466779,0.03178986038491043,0.09021341970177575,276.7523446464322,0.033883266953805426,3.410332760852252
1.7444898918144058,0.045808510344068305,0.06066217246659188,199.8900823341918,1.9766840960727416,12.41163131889032
0.8518291666069905,0.032472062071349,0.10369892005648022,111.80331140307094,0.03635133063654269,1.6364400043635174
2.6199322425706706,0.07751880176585706,0.13827125755200373,3506.553501472875,5.861227193512541,37.192117319328936
2.8483948508415926,0.10565430612307515,0.09877754407513159,103.26920972674442,0.44642679341663205,1.7120586797363113
2.714889472965074,0.07762951021933052,0.06751413078480697,1780.6619719769833,28.40977230482938,81.97259437192153
1.169446584934837,0.10529000335173919,0.05404233546406432,181.34045292017518,0.33241996248462446,4.137814136172615
2.270686483687195,0.027404186946796995,0.1453356074067331,3287.255959295033,8.713903191671353,77.37149079957226
0.8856832605835483,0.08846720040956592,0.043311125664259376,1291.0956963574515,2.3771344282468534,41.343467076758536
0.5342783075364114,0.07734515107205985,0.07663745762145005,102.1106503034227,0.008520361166898803,0.7205673239212013
0.7550082003936394,0.02355650751951495,0.06510612826902856,3100.353840609337,3.9095831469526536,140.65641363106852
0.6205678572741243,0.14777462830306165,0.0652360808687258,3317.1004880439814,0.3680473488023394,19.639189259164468
0.5739198349089345,0.027397812205639416,0.049098802035325156,1318.3681240820995,1.463870037109239,68.73556430270251
1.740956764805516,0.14654092190458876,0.10781644496622465,385.285486493746,0.21084988157021464,2.362614968340728
0.9192722120378807,0.1432879957980091,0.034110839450460874,3298.2399609205077,8.581600893889796,109.11463624983472
1.8320957777352924,0.09900781326404197,0.049386812618730805,312.80847909572975,3.0722833834452703,14.239229053119141
0.5621175214442667,0.07552060943607271,0.05909402193322194,903.7119669242074,0.19618055766368941,11.55728497954324
0.879657429292473,0.06406879605557758,0.07616269134785335,147.7202148096634,0.06766248474824534,2.097846117190005
1.3145461212665126,0.11453069817958364,0.09706292923548356,3684.4694587326235,1.5221626198261209,26.932293828389152
2.061921958866787,0.03583499177527799,0.044310898400830176,173.44619833992786,9.289304042929166,30.497190981897386
0.8851312276896547,0.05131917998958246,0.07351240831822589,241.04211369642834,0.156169044134502,4.615840895096385
1.5346458224863113,0.06966813180185082,0.02709092328956888,887.6733735064289,44.11769254642307,159.85669400651216
2.445652208671173,0.04579803587620945,0.13096469046578743,1986.8774824882582,5.381289539748881,37.11604910127242
1.507317406069795,0.04732676639344065,0.0432742867730637,1127.8706384460993,19.18304483450696,115.09291395939458
0.7590103724607236,0.038908932353285394,0.08697730218971239,247.9639550849492,0.08066873961803818,3.8364216779663485
0.5223450735048895,0.062340086711167704,0.020836735961281338,100.36960175521554,0.4831243635766157,11.622088425415336
2.3770511715101823,0.11100302567209099,0.03023996722765943,1933.6422406007325,161.15866053418364,271.68674897945283
0.5194225775048024,0.030017856195806606,0.05336506739998696,4718.866540744308,2.761150002237863,172.0346668849121
2.3967360299760476,0.13143655002179763,0.1173693527619339,2376.9393341801133,2.933182788691416,18.87834776516108
1.289920950688155,0.08017221981415446,0.05786427996054427,605.1697901098106,1.5927648314862863,17.448036931448637
2.6897177447244514,0.10506171679830019,0.13023377660252594,3431.4167589465883,5.480483715706858,31.077041223682762
2.091915693670914,0.061338185678305145,0.05301294355781059,496.9571037195714,9.482338402253324,36.184249317089254
2.9889157961303274,0.09619552412445878,0.05372828793419286,779.5559010282232,26.57450170208037,50.344418044509816
0.9372961692397788,0.0206636166304339,0.025457501128792328,646.5902670124692,29.747243936787918,271.53097321094657
1.976780874791724,0.10403105531814408,0.10078673647128844,576.1021989180554,0.7958709797515157,6.466057232454739
1.0273845899620104,0.02168472687218173,0.032895755230677656,2075.037093854485,55.52545963770093,545.1003777017461
1.181369674182343,0.12015966782927352,0.12253101672709195,785.1715820598403,0.11154905450866166,3.0849693098649102
1.539090527099725,0.14759042063753838,0.125330562439355,345.217569178241,0.08250816831359338,1.3751059396046574
2.3923402281710033,0.036170710580127434,0.13380863299872103,274.5383272558609,0.82623400842841,6.084877903372277
2.915652666016142,0.030554249258923062,0.05705103724220539,115.91284336017138,9.645336055635939,20.39012505486538
1.9806280347653102,0.09349100488273293,0.07825796283440418,979.1090993756267,3.2338889783174336,20.32162132641996
1.056953176390814,0.03329994722502193,0.0960017357304932,245.8654741728253,0.18768289219947737,5.080457583945128
1.0637742721692507,0.11440634421986831,0.026042088675803474,178.51515450443677,2.0257539102999975,14.685004638466417
1.8746517196465855,0.024605011043084372,0.06712810045063497,1290.7362179103457,21.762227127979298,130.94142448958462
0.7669635752836829,0.02577795783261838,0.02143101599901375,1436.6603161355408,48.65665156115019,558.4008298366056
0.6094464808192025,0.14382937475495697,0.05450430437418396,1896.2194658473475,0.35107186130125967,16.22804598174106
0.9438862937674829,0.07774640445491067,0.027322902241821167,717.0708064337139,7.242708050535722,69.96792621468246
0.836537443601071,0.11018137814776854,0.0289133732297799,3303.482089081824,13.8313420097732,180.0125842983879
0.8502419695721289,0.03844484111275679,0.04173197903880601,3897.788337254035,16.332082032295624,296.98602215830607
0.7598925171307164,0.07816183022195078,0.047801223096637493,2353.417665488328,2.304010542208873,60.07996748778468
0.5391689483365174,0.06622591994928871,0.07020112061370465,1201.8610503520147,0.15660637635889915,11.912812171622896
0.516272068072427,0.0674253643255228,0.023235895869253086,328.10495556150516,1.016688256183968,27.919042791616558
2.934725035484088,0.07912026114233883,0.055181200503865505,4677.286122866938,169.38530845031937,341.85552544205194
1.076074161285881,0.06375357171611334,0.02889602955754032,292.24636978384103,4.509178132902302,35.44554941644714
0.9954839568931504,0.04747728268917584,0.06357603476361073,220.95713579427763,0.3403183424510925,6.87734510556275
1.689811989518037,0.03487219280647577,0.07224338401742578,563.9058196205622,3.9417487145982437,31.413823192609286
0.7392724809104216,0.09409915989325919,0.06140230874438026,124.90229682284183,0.044125017664306466,1.5616045543700945
2.742732719266187,0.03155238802296983,0.08852864107905246,4596.558004355269,82.51640071583309,305.8916717202393
2.0458102987030498,0.08070165283637457,0.03932861431261231,999.3807087129655,33.20162772955667,98.2760863921971
0.5868745648357685,0.03200446046770801,0.0934426478460919,883.5780074287965,0.13027933635272235,11.133729164159412
1.0566009751072365,0.07050699479390901,0.04783300936632041,1300.7031994141526,3.7873601694169055,51.1155280851795
2.4157779593010558,0.09010922364503292,0.053054361773324815,698.9212887142677,13.947856739444669,39.94156680190589
2.717154970740841,0.03107549445533595,0.07381745397662948,113.3639458031649,3.4654819661256915,10.914514983520405
1.5007102328142607,0.026039943925115817,0.07469903739003554,1647.2440019361381,9.770214586289221,102.07889819386517
0.674446768784903,0.06781323574337644,0.0695552470855655,510.55690402972044,0.1307445890426606,6.297509323624301
2.952902517648356,0.1107509961256138,0.037339216872393596,1934.739335085491,164.57627634231903,221.9958064241229
0.7572610659423082,0.02189802619275686,0.023774163822082348,243.03476313126828,6.83164446496406,89.21744965202775
2.707434216118872,0.08779248133108111,0.02402171916346276,237.65244727091616,73.82222776818445,76.20543733525143
1.6013761517572667,0.0397836587674797,0.12850124461277218,188.03669976390475,0.174235506845042,2.750222544551041
1.4855290574693796,0.05245315741077708,0.08020318761369152,428.55635408815266,0.9888844896750728,11.321017088612733
1.2529080806659327,0.12996876939837862,0.025837623734832886,2748.1981405878346,45.92505166336057,238.10820238248863
0.7559028917269898,0.03904140154692006,0.04103785218797107,2550.3381050699854,7.776017118803284,175.92208808370296
0.6860180033639249,0.051077345755719476,0.06599163869662439,447.1022405740261,0.18730916284783083,8.273465555138666
0.742235331588162,0.02055904545829782,0.10769769975271933,1002.0630803170797,0.30390538764106606,18.714237358251573
0.6983082471068855,0.023574032323741983,0.02183916266653831,1677.4334546938069,44.30836109267806,625.0832779877016
2.0211783481743595,0.03367545560299596,0.03221799298735076,256.9230535145161,35.87969603544839,89.13505096526741
0.9363116186237161,0.021154482841485748,0.12011987489622064,193.04860221799615,0.08232307218254244,3.553089680070008
0.5546006259765276,0.0713710500118349,0.020372785544836538,4482.929755364169,24.1362819126699,503.5824962479832
2.4360662546095546,0.06035185583224658,0.1381131093613848,4649.388886516638,8.0520881324207,59.03040795920542
2.6357341499073192,0.028435245542601042,0.06883260254642883,374.8325443621755,14.097537029915026,43.999200101979156
0.6827894623911518,0.07619335186685247,0.022890290659915557,238.8894119232797,1.5849918243772625,24.514061293793304
1.016965515994585,0.13987143050582893,0.021168941641355656,277.82495720431297,4.1947316182220815,27.04589922204096
1.9453342013869315,0.022138478053302785,0.032748916375972784,740.8091693756859,133.595290486701,364.1750529830065
1.7401204807086221,0.12027374235142536,0.11813649745253296,349.1576871928877,0.17671652552397898,2.1717667083995003
0.6587555638434457,0.06394938739679612,0.04623596469655235,192.6566521009048,0.16596688222242853,5.570104208843764
2.156808421708037,0.06230087757390986,0.08538190173722994,279.65747195234934,1.3781935101130731,7.968258904546484
0.747512941597952,0.054803003741701085,0.12722886675537803,115.0099593372078,0.00810720126992457,0.5814732438876771
0.7466790412607089,0.023001389493151704,0.04550827748421475,1573.2386354619796,5.754557297712633,147.96021292457493
1.3086313582778193,0.023970536098585727,0.029404203085507622,685.6325685415686,48.02618798524832,259.75471410385086
1.446661607583717,0.06712198857206067,0.05669436110709838,144.582637494712,0.6816686110926323,5.816875970419232
1.4137245906929785,0.0397548055852403,0.12464040575292004,195.75052894259542,0.13685853330166944,2.688510052841446
0.5890614488559681,0.1269684298309659,0.10113625936532547,149.34927016919326,0.004426996676279499,0.4064484146653606
0.8047241032228573,0.026693778345414265,0.0807371890818695,144.56414163190703,0.1021436521461548,4.0114514624722
0.630597438461352,0.0844214410331088,0.06331044471893049,1912.066790765333,0.4263060620909228,21.379769654574122
2.4578220378032016,0.03611870837020067,0.12448466910521319,108.35462081967107,0.43980444686357106,2.8548623378605993
2.770839770987831,0.057656557272639436,0.02559815939648668,265.26624125887435,111.14296904887715,116.72891851825837
2.3433420604009156,0.08159742139357185,0.05866030430419688,3259.987735527175,48.51257828494354,163.24423256073763
2.1325339314093155,0.12269200007159903,0.11765590570667511,1662.5057523811797,1.5368598440991845,12.524680276293557
1.6175114770004009,0.09868379068202496,0.04569050187902956,133.03656071785093,1.1392793067342029,6.267176845951121
1.3415916792833262,0.07814251166008271,0.05282081249991496,2483.525487159565,9.918997661451755,91.69437757904632
0.5843309100716811,0.0786594067972116,0.023050874449959898,688.1005145125181,2.714290192189012,57.72135477349553
1.0394614387789396,0.13451540072515408,0.035028595242136605,2745.737172463075,10.159787756222743,103.7531150343008
0.974940338507832,0.03629896183042265,0.03845857550605335,1048.6700318052626,8.964785176348263,114.2582466077154
0.7963385425528252,0.020044865486765907,0.13429815295568162,1440.1703629284575,0.28532150653205796,19.033542670783273
1.2157277435002143,0.031024036422623736,0.05061956088379833,248.15962458218075,2.1107042329428896,22.771081257420963
0.5781442605281093,0.07588847119493419,0.07735038731392045,1148.3249893555583,0.12035132786867861,8.773068000644127
0.741832469612034,0.0717078116005021,0.027730032745618406,605.4415664931676,3.079022264723612,48.87222246925535
1.700782057597978,0.06612186019256393,0.05329627859355628,116.688399912498,1.0923923710783334,6.339992827937132
0.5730748215517323,0.020665408930857356,0.08857209161949675,105.82424674494649,0.026419534455034397,2.244450125402316
2.29793494116925,0.08684712393035238,0.11470475286728116,159.428432953772,0.2811382771520659,1.923696207379116
1.2141403528684087,0.03838300098537649,0.07063911145457125,1267.0314565633082,3.1927150815597733,48.192356004179906
1.182875537383449,0.07638265141241754,0.0770003696483844,919.5875310864443,0.8313382481189777,14.411295553382677
1.4452828946512541,0.06138612487071724,0.0257950141669427,871.4856170434973,47.564395098732994,185.02166169608248
2.191273209788734,0.03989702861943664,0.13447525368117222,113.27229087091213,0.23398407433377838,2.0641733503327457
0.9324341572386167,0.026229648697577587,0.026124045734874056,627.0926546425139,20.706807840335095,195.9872385313741
1.684880566837938,0.024190916117427984,0.09526124974711743,3723.1148446278876,16.220093494861988,171.45175672619666
1.3778281057499113,0.10682169841587286,0.03410048067373281,473.69266508363154,5.571620067833512,31.525535294949925
0.8067860618192195,0.1272577115482914,0.1312143071225968,1152.7218655460708,0.0401063097995034,2.546757982892752
2.413665188781558,0.07406863561845935,0.08531761367517358,2112.9466843415785,12.302967356624888,56.755123308525484
2.08683475072013,0.024634354276275673,0.09134045606207217,2147.165571535438,19.79883798969366,130.80890527752962
1.6268410514639822,0.04496022127643909,0.031097121636775856,762.502520903473,46.251767262695665,171.18623180041516
2.29536227915842,0.08687532715037125,0.04883341737108642,2868.3663594455843,65.31023298524856,190.68056206685904
2.365135742295782,0.09625450027972217,0.06944714401515245,462.3167633266487,3.613801858764136,14.132439614125596
1.7790311006361572,0.025379235322434433,0.09436350913218043,3234.9167970612434,16.269104612481108,152.79572642198613
2.2402318756075053,0.020001237948198285,0.024660439848495017,255.9403443538935,182.7254464606323,282.82933942412365
1.7446499178816044,0.08398341663479438,0.1390460337753669,299.28108536894,0.13408354853935633,1.9294257288484502
1.691306805215965,0.041027352797318214,0.12023408988738854,123.09781582245611,0.15907497941934962,2.1061788979684883
1.5147578847280465,0.03339771476068958,0.03448272469474857,2247.344628720601,108.6472060536035,514.332831497378
1.926182348130502,0.020526555218705486,0.10495318277825738,511.16879812289187,2.932204911125743,26.12797108744164
0.6643374961615386,0.0594052840946769,0.056832293500332254,245.0542588049992,0.12550430473763002,5.090809289084977
2.4233753555663453,0.11113197525362237,0.050715295331108766,247.63083892767224,4.630752571125662,12.596784946864826
2.3844934598181653,0.13772613304574655,0.03768591823709328,3399.7850675120185,119.10415350891311,248.67051341569254
0.5269007468988336,0.06253044032668223,0.06447822910689664,2610.9544199122847,0.43400590589198235,31.75131129066214
2.1957371072449376,0.05639169843317898,0.08704176504706997,871.8311272297439,4.727329225336208,26.883970433353337
0.6298690267757651,0.023738842760447208,0.04577427375989336,1113.662944151286,2.3282054023369345,84.61606079453266
0.9114716388809675,0.060440399018408336,0.0710616582425847,639.5358827279998,0.4253062422143829,11.459385477508766
1.8946626055156153,0.043006586032177316,0.08184113505097838,462.83874578785384,2.543408715387502,18.26562703646665
0.6669073724872742,0.0679689501112395,0.08381179678168664,3592.2599869807773,0.5071997109301597,30.10673538816716
2.1650706212158295,0.04377129188413702,0.02220769658127328,163.4602713185796,65.91271525214808,98.36466964108912
2.22073253563868,0.032456856113707244,0.11307380240295434,513.9590812923096,2.2848914186730553,16.502342872267704
1.241242552964832,0.024217562508835506,0.050353506621123534,384.9464743002152,4.535147541506244,46.689409657169726
0.5057538277794402,0.03772271371271229,0.033935960341742746,702.0097296156976,1.173324136185459,49.035470322405075
0.8362364362399066,0.024299657171546953,0.03255283006169124,599.104839630912,7.960940621985107,116.73619040363783
1.5101930151513,0.02856443675852719,0.05292939568141601,761.3384258901262,11.79232247114428,86.20687884614284
2.9005560065051905,0.14622095699860635,0.11941583589998361,172.8694082430386,0.32270613196591214,1.4428367094897354
1.551016758745027,0.04893818014043457,0.042865442222075514,744.4096922849989,13.725635012694399,77.04018687813506
0.7964095988625446,0.05840504671341464,0.09059118797291352,258.1441533656938,0.05720107715904732,2.573521164126636
1.5571209036599183,0.11627858258074396,0.024308172898365215,205.67117670110758,8.855731793440421,27.966792201800605
1.3157103853886707,0.14866672538386647,0.052192581120912594,128.86987075870445,0.2645043980176161,2.51206932755414
2.022123487589156,0.06470544642583098,0.14750818610564967,1975.7128343299446,1.498298459843384,17.025883683880814
0.6056435859592029,0.1028002957217254,0.09445180737402285,532.3668470693622,0.02600625898263261,2.1094268286328344
1.9550812840551592,0.03864767936890484,0.030567176224243008,1160.509824365079,149.6561570515023,376.99086520894014
1.318734200041982,0.03703178866631559,0.05493156916259997,1722.5001390140455,12.25832313553641,121.96889399496929
0.9225677262301585,0.0775380813901792,0.045647910005977316,630.0378034978211,1.277686581767387,21.58535870491035
1.5532648754565765,0.0790659543082628,0.09630554804617078,456.0662823669071,0.46095845816325764,5.7960564437105475
2.6560047050022613,0.037747119291457736,0.09460170350988557,435.25584238810353,4.8606140923861,20.53255393588067
0.6008112793974433,0.02615753651040306,0.031668814089199075,1222.9922565852248,6.081159495638442,168.05544716918052
2.6808685726186394,0.07151801677937838,0.1282424769304598,692.8524665032463,1.6857644037803385,9.475197766833643
1.7149408258058187,0.025901384966654235,0.06600296695529134,2771.087370749922,35.745795933205514,252.69736032106945
0.5646216108281126,0.06415734461293793,0.04300183868908855,3062.615203356023,2.058250183982587,87.4542156325248
0.8573638744074998,0.08087547401497479,0.05498628504878147,194.884350557979,0.17399358123779496,4.099848412740765
1.7784227306677605,0.08205555303075476,0.0676868667855726,170.39501596716207,0.7174330437936128,4.8364459585453154
0.564129692532499,0.09127760846452701,0.061797159297238995,1177.6934619419635,0.18695627641041573,11.435659012287084
1.4190139857156678,0.11610086725532921,0.053292267673856,324.9178048648814,1.0063433221256632,8.38972202570559
0.9292216878433017,0.054767730258585647,0.05531935823020907,107.5353106746071,0.17725302732090095,3.577195477511849
1.5210244346253738,0.0871049376148588,0.02853653410412685,3234.2772045006345,107.09767933261985,416.1208311522247
0.5427055027769612,0.06963764435402821,0.10285397432755998,242.93920027272827,0.009761659722136194,1.0738085209817305
2.383183370630394,0.029130730619706762,0.0595804070119095,3791.5776345677514,158.6613899411804,524.2885273540999
2.837288637861093,0.03548306608637554,0.09364064509944951,1975.7200312744164,29.502738198493876,108.10113115574268
1.9156339027866485,0.04883280041156427,0.1309108375492749,219.92623446451788,0.2687923126539157,3.0204939488584284
0.6312432901025282,0.06934824950444443,0.13489056312989603,249.97081392424877,0.007036231485746026,0.7503064691168195
1.945420367393724,0.11086551563631199,0.0420671527827855,768.4547120594551,13.057905221268093,45.71937321800186
0.5225193093272533,0.02970003905864631,0.026279407072324894,196.06157514287142,0.9884085855757523,29.96801220753066
0.5202181180245709,0.02575690958335267,0.0568409630980732,330.30814594392916,0.1872571307458498,12.389089748147773
0.8928689101196975,0.1393586644982979,0.025094004420889778,351.6860221799953,2.1652847685147054,21.46941163534259
1.200074793683737,0.02486426376889127,0.131318588531656,186.72671992904554,0.10917366355166962,3.1357253446827156
1.9882157041873663,0.052449215415400534,0.02895165642750975,223.15132986049926,26.246501963287333,60.55198726916473
1.7008936352723458,0.0650779901698704,0.033282474536754494,2186.3814119255658,85.41165435401813,309.52019051917085
1.1116031092149092,0.05953409832434187,0.045379725927665884,192.3360717081298,0.9044807133194082,10.463385526655506
0.8163810906233891,0.023785561255063502,0.043283500804561,111.77592051964433,0.6006026163565352,12.286672418256133
2.9845831373014615,0.022435308155908218,0.09917648459728619,1172.8842909921455,27.138681184726206,95.1788912447179
1.0730093777184146,0.024736283915435687,0.05015741769332285,4551.6204980767525,34.31447268453567,470.8862588090834
1.1225802099078317,0.0650811313755504,0.028213871564384714,365.36112517630386,6.735533936929779,47.50184782261957
0.6703383798422697,0.059891490416455286,0.03426533833598942,159.07153816770003,0.3787784298030046,9.098350153189502
2.0770743781858867,0.03203077955023564,0.05578730704316682,931.2600157749425,28.582097554004054,116.42224018174734
0.7426123279390472,0.10438528951528314,0.06859084986511495,2148.3124508804626,0.4974927473943164,19.491227135510268
0.5795286594230523,0.02174774002718462,0.06253073715853054,1141.9202846121311,0.7961711930217408,46.693962075233756
1.6923936499100276,0.05456626318708334,0.08441863150099571,342.9821649990118,0.9646666381747351,8.956190991082961
1.6153949620892316,0.08020821210791314,0.13230582984028,832.9868785734009,0.36004704448838143,5.750311042401676
0.8158442310968566,0.033252047279612645,0.12569228585474876,142.89671610444253,0.022384140505350328,1.3315120697897274
2.7471708795186145,0.03718333958213257,0.13455632627118225,1423.9931836591443,6.207902295401405,34.86488199608194
0.6554142683165579,0.06886534924541021,0.03274697099726684,1705.7539528491297,3.7826015681035368,90.83234026946032
1.0849053987347939,0.12211763586499763,0.026071000568979732,4360.735853222772,49.01450295216699,341.98662014245974
2.7117266703090412,0.1022735856097139,0.036773979284924235,276.9537830167252,20.682373292681508,32.58064878573584
1.060672577554281,0.06475967520207154,0.12141835866781475,107.48723774642747,0.021075791141981215,0.7164998702048612
1.5697835325773537,0.08710011623242991,0.14178697507760032,845.2251577875089,0.2508445514251656,4.546445876936787
1.0194327517870116,0.04171305589200445,0.11297750330472374,1587.873373799244,0.5327020686492062,18.241886346070526
0.8172424308554713,0.0727635870497312,0.024963314125900242,2202.310719765138,20.227918002596862,238.15635026031325
2.915099892576994,0.05116434842295896,0.13492348076469363,213.38143717567243,0.8011753876881229,4.00699505714897
1.0411031803920348,0.029324846750088784,0.04693471725713434,278.42631086100295,1.973848973528316,26.923476250134055
0.7549348400991586,0.061372051987637434,0.04876987262924266,364.4860066598849,0.4195893468275621,11.310132463925155
0.7324832471144582,0.04119512739558512,0.021945391931253656,2897.231538025207,49.81281839694235,641.799859230151
0.528685050164029,0.12546067468973326,0.059835165484828944,638.1228415778787,0.06682807763477173,4.506423043749647
1.6071831085300627,0.02086164886507168,0.0395626624498636,2282.759361274987,139.7306707683359,674.1508549444864
0.9676966542433573,0.037787733894283686,0.0519175950635148,969.2940726542887,3.1638757762139,55.25429791560509
2.3527265705824716,0.02242873106350628,0.06880050503396332,2058.0549264273004,69.89280131814428,273.64764374309846
1.167344079260019,0.09371052207873481,0.11515536605757304,367.4526851890208,0.07780327507285018,2.0710703099670655
2.833811320494328,0.08230325880791747,0.0758987153948234,2585.5438148710164,31.14476679110228,92.72315504018744
0.6971671517223103,0.038992716019256364,0.04795670619893617,292.7454327256426,0.43934940878776596,13.655138653164164
2.370774288538043,0.0780326630494355,0.10425084133758716,846.8480546156393,2.4310936133922882,14.204023677199572
2.010387690268257,0.04441189711391729,0.12401375140692661,230.9891953496053,0.4220490737349104,4.079281892163341
1.9900491454068345,0.09179063913201088,0.025458177091810696,642.5475862833438,63.68792430986217,128.96365952979312
2.2716380242726175,0.04994229842310657,0.05841225050465893,347.1923417402041,7.7883933978113475,27.77052649954904
1.9550675817734127,0.04589866090557091,0.0354809623434085,283.87106604258867,19.708835364725253,57.6293016924014
0.6325551122496604,0.03315618680094639,0.07692177750267598,187.051460572788,0.059756396266493796,3.618657865523822
0.5300053964754351,0.025493460867986366,0.11376463615998597,2175.9202878639894,0.16438943734905634,20.971580501634225
1.5094447374924758,0.141008718387614,0.10278783466977486,108.09659745214489,0.04624164296261231,0.6571296935294151
2.0835143371535176,0.04282155710955593,0.11163581426029319,1540.375522013808,4.454343413064543,36.08318027386529
1.1848605074281762,0.022662925150070238,0.12622166322837583,268.96116137403374,0.18698823424653419,5.295711095744195
0.6169550426423157,0.039622592828394955,0.03413270449802949,117.16222187149894,0.3326088925686305,9.39524423670125
0.6257249684369796,0.05543080532607611,0.1236073531839478,483.6122684942664,0.021557795727416687,2.1438393742132447
1.0809685894434378,0.07531990334587008,0.06086387451699538,104.71009230331391,0.14834739411829956,2.434018765616785
0.7161575440182718,0.14932132554467803,0.02214252414402479,997.2410712557644,4.303911667114172,58.53072286188039
1.206437743192418,0.04969694727645614,0.02184885267594447,710.9803164439571,45.877252356085314,216.93356759956842
0.5609630671709265,0.040873254052053914,0.08538875655016714,3046.8670031764445,0.4025832657502442,34.411089535731016
1.4185079640109337,0.04484052514443348,0.048975311478140916,138.90452487008426,1.4336730277648457,10.99193922432123
0.8096318012636154,0.02522260600801893,0.03351980823978493,1438.441757337136,15.307389082268827,246.56877854945273
2.0873324066402885,0.11856281695802481,0.02935306593117658,1430.4937916201645,82.64043636394099,175.37730581252322
0.8719238370062906,0.04613471667807823,0.0771401259796726,1370.0830047911147,0.81687261840075,26.108873546829887
0.5105197430684096,0.07556129620291983,0.10144581611837199,2502.655219259577,0.08040397594156869,9.858188885337002
0.569304531467934,0.048734478088936925,0.02346271450475974,117.84479435887184,0.6579818796715372,15.004221342038282
1.0101581126132029,0.07383699164814732,0.02941678050613756,631.4742312944448,6.596369632574382,59.900709357799784
1.1815034896243763,0.02263597803990699,0.04355224069586377,474.36245236763506,7.969393168822366,78.32065184442635
1.4651319669833862,0.10305943871673155,0.05312648675047534,336.4579740707214,1.3043095994098317,10.16831175929901
0.843194188565016,0.13305419534804278,0.040895212593141224,584.5310126821146,0.7334746100719495,13.28963030019218
1.736884853901038,0.07391616974345683,0.03816566095692767,449.50486454164326,10.917679946338664,43.508252914361336
2.3349378388732545,0.13687800393928712,0.13948116271317554,542.6531492501279,0.354249016818822,2.854855426929107
2.0221437547076175,0.027135794895388077,0.07285368474190881,4610.37801980963,69.20160986295531,388.37764206807276
0.5367838523553593,0.05233574486250183,0.02096695036993,141.4440768346013,0.8638126890712734,19.80006038363077
1.1827067791898358,0.06724310461125302,0.04758392579591261,3688.438825955991,16.043014449561955,171.910587974445
0.6034225751162158,0.06457809080272821,0.11660474242278031,654.4971671913759,0.02675341868710892,2.698751807593808
0.7714675018411282,0.04490902715992821,0.03671323270030713,1147.411941824923,4.515558178332395,87.74236794172226
0.645435857561897,0.025823124260531034,0.09218560962523883,409.6527495957877,0.10370928909981175,7.2291155187472995
1.2223074104253988,0.04403810669997387,0.06781554012134498,538.6093782338592,1.3640793275362055,19.50376774620328
1.5135217345950176,0.027756721892892283,0.06310857578938121,496.31752932430595,4.698216055601301,40.77130325591146
1.7603296316321986,0.08783041854359365,0.022279875906942474,433.1684000221414,46.33361727541689,104.93769713643624
0.5088305771438277,0.02250495898075636,0.07011304951490899,2560.5132104719155,0.8283474232821081,70.66030916751903
0.8974417706911765,0.060867323640327306,0.03040105036969835,153.17493801189312,1.2330970978121654,14.66168414239505
1.2642354584604967,0.06635787615595096,0.05522327979553791,152.6505356683553,0.5257313352296843,5.721905479943809
0.5852527061565166,0.11587969424837953,0.05995630390001292,533.2581129607639,0.08152608028865184,4.495263016832428
0.9371536246948075,0.06396232685889675,0.03540920333539656,147.10110116745517,0.81211263340416,10.313863930765722
0.5306486271036187,0.04011870519472023,0.13519483824419082,1126.7319221394916,0.03234857772363648,4.89228518213933
0.5755936049837971,0.1008589835909044,0.10920378753714806,175.4396412559719,0.00485164054036194,0.5037382756605037
1.0182076320945348,0.05940282875498866,0.08573360188036108,771.7853073394832,0.4145585828181843,10.798783608340147
0.6342243825035373,0.0234641648786271,0.023403424330468665,102.86472595138352,1.66185317187913,30.457674599088836
1.382301009076949,0.06254374780146561,0.024768531839627187,345.0545030513739,18.266341635390656,74.58597033769988
1.719800346708482,0.12462404726427158,0.05398136507506876,1414.251756265942,6.989853610743255,40.18522761473367
2.098686385956794,0.04444550267827058,0.027648019178283124,664.3051822320189,124.51769831965947,246.21276736168932
0.7156771760264752,0.03633567448552213,0.14357281253112938,4592.514253466865,0.2981898526187001,26.32941973454679
0.6749891395014754,0.026703891820597497,0.02752611449065882,3055.4566763610665,32.13644898957026,611.5891637299201
0.6030309466279903,0.027136517041777657,0.05340651208282601,407.42763503779753,0.41169275796023086,19.045781461963422
1.563900068972694,0.04783343368907851,0.041654145306490156,119.475888682342,2.517918808545971,13.508045220835065
1.773025469435482,0.06641808278677597,0.07253243966447942,2733.3403893027585,11.449753759149967,83.21642173651702
0.5291134512685676,0.023527371709166144,0.02593849408915164,3533.131161227673,24.27946842787494,708.5930390866889
2.6759915293721557,0.13280366859026027,0.04759740030028034,2478.6849289418587,63.176629896805586,132.27591457946843
0.5487967410272699,0.09158369743657636,0.03478673979926941,164.96169549080875,0.13470974690653395,4.901175516063046
1.3188045124912837,0.06521715699595981,0.11963740005295422,4959.3856406436225,1.9402026269826664,42.04010185091413
1.781255975012175,0.10616089853557012,0.02170425984549877,274.9962907911078,27.273885236757607,58.76921293026837
2.3807605472823576,0.023507060246798085,0.12606587164535638,1699.8180000832006,9.276824875857516,64.99441048396176
1.7973706409657386,0.052274901895377375,0.10713981667993326,3489.1851687873123,6.002493818351295,62.70726904478814
2.1029827708347755,0.07118690038188931,0.036426932647185606,251.4347718230822,12.945096332874062,33.586675157094774
0.9185728312914204,0.10620673417124384,0.09810873434730723,3492.239663493215,0.5140560224306072,18.82788279837503
2.1529164961751515,0.09696474478379918,0.02129824277663014,335.5829750953598,68.08900605800635,98.55461157788238
0.5771802636518122,0.03495284759808637,0.140312572031101,4559.285377463493,0.17294163864992979,22.944772958053196
2.484692814866103,0.13315509400463466,0.05778735695681896,300.5054397748907,3.4170778019672747,10.075180703119006
2.162475949079984,0.11663409546307879,0.0415252752414669,123.30218020094273,2.84382079341113,7.954680245320937
1.1244549044212062,0.1414692975717245,0.022863291218622926,1603.3630567072325,25.681492335675774,146.28017547972544
1.5840569546945693,0.02857920749025303,0.1468153386985427,801.7534831540315,0.6711652369511864,12.370004399607733
1.2840764857043034,0.08568050904436522,0.02164775453672577,648.4833348681896,30.087880344524322,124.43232490784214
1.8546301064283395,0.021691135765530344,0.0748365658772539,239.7232384830988,3.2040472032704854,21.95880483314999
0.578749297570378,0.0452688857866329,0.048803509760388095,1580.4693646297983,1.1090349595297944,50.900950504718594
0.5570998659468044,0.056599098219407444,0.13532867211276833,210.9500353572781,0.004952682503764268,0.6802597173835121
0.7784911769690555,0.06443623261225598,0.03283181101306632,869.4840678178356,3.4264843408405867,58.47183922123281
0.6654568450185323,0.13183551697921908,0.05843036026477792,269.3123537212046,0.057478912590440655,2.389009451382902
2.384237293226306,0.0774980065385051,0.05285927825599658,4203.122616607887,94.79970116387078,277.67692900762944
0.7405453217273206,0.05274456169362721,0.08242922074205099,111.85194475396393,0.0292899003371929,1.3867761261673326
2.8730340517088306,0.10222220761230974,0.022937343326581608,218.4400950943564,79.98725119457754,70.0152904085206
0.9143782475884983,0.13577019659610695,0.029553393513955778,258.034901430526,1.0721863890220018,11.93813341978081
0.6929234964573338,0.020909287184920793,0.030816787113725312,505.2296337403792,5.2321968441832,105.78191142538391
2.0581398665066852,0.1448092490794396,0.08850282382217671,248.54309381156057,0.4111491219686767,2.7059344917319845
1.6275872665252784,0.023790353436483707,0.029277766460131974,683.5768807479686,94.02561706908388,327.3453087477885
1.2207918577498882,0.10319729639612252,0.06351414016506758,3035.9369912149955,3.9790439264021544,53.4166271746381
1.3524675254558045,0.03518358410718524,0.03085897702953911,1620.9678236784073,73.87729314950653,392.5991560787469
1.8139184883847057,0.02610329274586025,0.11350228717644933,966.8030428006888,2.8795383983248812,31.289779758834946
0.7529087544984295,0.04852109882256775,0.1335057558265025,141.64907071332624,0.009973575284249357,0.7399062910528227
2.9803583591862988,0.07320343386426917,0.056851655194705475,1510.3297441716375,56.618340897136555,114.1494523670924
2.8675204402836267,0.04309096286306398,0.04067446534714636,191.74889828378653,29.698969714847987,46.27652565893651
0.7148982139065487,0.06692605375203323,0.022110136397431604,265.9738452827287,2.558837941438321,34.870352137997884
1.6915718984209722,0.12322196965666185,0.03435453001366073,511.15578439064694,9.432464520616021,35.67293333316118
0.5690511253805299,0.04328793989806844,0.07473540353084299,393.9475112213245,0.07652209438617184,5.563155667918813
0.5282290568920736,0.030926760374273218,0.05861078009099141,2878.054941920358,1.297596615480266,85.85847791721228
0.7933891669030576,0.0487879182175544,0.1340059090918236,164.05717903056583,0.013292620309196307,0.8913998781430477
1.145409119576389,0.0220470420637969,0.044442335914416875,914.1420533336811,13.520580274911879,144.27181295485792
2.3692851919345292,0.10447368127333993,0.08094740460096267,174.32449397194176,0.7969580215993981,3.6200473282441448
1.8399987383173988,0.1057131051451712,0.053606490676792067,1575.531116227207,11.479931469126441,57.257472889836755
1.8919428454880074,0.06539829471301112,0.056177911131698975,3449.0587393606734,38.370913657299894,189.69778329304367
1.0716875231204583,0.04073959016741832,0.034304328751390785,547.5015683495495,7.804896620219535,73.432833332439
0.9293081616058927,0.10020501029605058,0.05001955195093358,674.9228154926708,0.8227449617187313,15.010531831390018
0.9720627067049704,0.06115262786290377,0.05164112680135031,3764.1210422598188,7.819605943272103,134.61782466427647
2.9343421179553566,0.10562612925743775,0.08305876963027867,767.6243485666581,6.103709206294347,18.54677431974408
0.5372556875820843,0.07138305398835518,0.13309067317870835,673.6202285930273,0.011823903936437634,1.7173429224172077
2.364022725696463,0.0971477709224072,0.03883347802445465,960.6469276523884,42.49205449294004,93.00820824873243
1.4101554723071308,0.06680504866962586,0.02177499134287538,1482.4520267697178,114.79925726363226,395.980344264789
1.097183180098047,0.04607112337925557,0.05436490521774519,151.91184845315794,0.5162797140462695,7.344394004397806
1.8337079152676279,0.13781335645139103,0.059905544070340995,2483.3741542220255,9.844212314346555,55.24566722560002
1.1958371733986974,0.0595028466199665,0.02808185529716971,549.4269754900297,13.581623575968413,84.01250634406895
2.391252236165031,0.06768935787128792,0.09257273924940541,132.71436950440227,0.6436726759851185,3.282524406717541
2.511032224015753,0.031186754961083116,0.14551350630949078,2166.211080052026,6.798580162221194,49.42281863617394
1.0644681487053145,0.0705525582371325,0.13447477131840216,436.9449205061902,0.058510013076045704,2.1873396302540384
0.82107702655831,0.06327347804138393,0.02975156770432307,148.08851003664637,0.9370494071093323,13.026120676140296
1.4451341141202758,0.029025179732229112,0.11668807041654071,1193.3602770907873,1.487587228615419,26.182019793501315
2.5640511376103468,0.02255134018739441,0.08269991957288758,3128.3603249181515,78.74987908124976,312.0413668046437
0.7292846122176537,0.06758984111149977,0.04990838805030711,3223.0465925073854,2.833977354807068,83.76958663010048
1.5266245084931758,0.09317674131422178,0.059442591554171316,4236.834676640014,14.671623766402957,117.87508262580455
1.5503129661253237,0.05741670430646475,0.11078531532692383,2979.9264754610035,2.7090656409815717,39.33448981258845
1.859699693099662,0.03158420397126049,0.05262322770913191,100.84104968942364,2.68413360397144,12.864903318326181
0.6329210837135092,0.07660860579663208,0.042423774687485816,442.6070590797786,0.36542835290188996,12.190540895473484
1.802976622449671,0.023503222609380748,0.05403209042174897,2458.5513896994903,74.02996599264401,387.6052782166218
2.5487943569766,0.048714870859605894,0.06423978128576906,419.03748178749726,10.233501134068465,31.876399096318348
0.6899071409495088,0.027796231348601916,0.02927416566810256,1051.9930447552763,9.435957783334194,182.80993274257887
0.7652699138861199,0.02900300289417986,0.12285121395215962,1071.8013672291206,0.17014437639312188,11.242899439308898
2.8501145246212705,0.030064196020299184,0.07780094620753392,417.0297544921175,12.989440416552474,39.188735650225546
0.6915083782970108,0.043593562521172996,0.07164387946264035,3440.9160114623814,1.3519090107297589,63.80316434592878
1.2079157216371152,0.044578312735824,0.06756459927457953,616.1045617166128,1.5042630228358214,21.94220515770674
0.77866951798687,0.056079658566541776,0.02551984225597088,4951.604315769768,47.775675236656284,633.4159938899328
1.110413786831633,0.04325034082404727,0.057870779766637286,200.95243769214423,0.6252028867483573,9.243174923650809
1.2576962673978636,0.10847625583852157,0.04502897010459887,744.1998181912783,2.8473892668649032,25.53276613466791
0.9517171599039629,0.026804008978445107,0.06550509103972701,2415.405309790048,5.264165014937645,119.9221215681672
0.6702183438046755,0.022663137638747437,0.04766137629849671,2186.6373644003397,5.110302616168435,170.80128388194217
1.007605643059236,0.02308317658543998,0.02844324088607289,1595.552766705928,58.53165838729032,516.5344361268375
2.840007030137745,0.06356203177782596,0.14615142156452307,270.3388525797992,0.5944297065415454,3.39293291321971
0.7940299022391143,0.06256490560362704,0.061954208003264066,2915.1103745534715,1.868370711758956,57.832331149828775
1.621849163005659,0.11731758400864037,0.07990599498795042,3295.593580665368,4.4740880431145,42.81278910458824
0.8953999368642764,0.061546539454199516,0.03852928302513379,213.72710729902258,0.8301853420763757,12.567312763997256
1.99916704554645,0.13832667524663722,0.024206519533854932,166.5866571458579,12.921864234022438,24.65300757713941
0.6321345198025559,0.02206180142375859,0.14288175822173463,4544.892106194539,0.3397985075188214,38.27276091440326
1.1274230336773978,0.021856988519983134,0.04697730750114319,3292.9218276666784,39.666888789581805,461.7990203281648
0.7632256677671289,0.029050833038986045,0.07407996014467642,3205.729620367424,2.2986120485178168,92.08121423609778
0.5703764556904809,0.05952158709188924,0.021020432339857793,832.3570566144101,5.321519985933554,108.3090421747577
0.6777465732777801,0.07344211991864008,0.10234258306127243,1253.7679429173343,0.09443772635792318,6.6279281169171265
1.2689156458905673,0.021924000412451614,0.05896153542793362,844.4134208876462,7.312534458946711,84.34935370317679
0.9145541977309812,0.13452793556574624,0.03503378649001128,122.17941779206437,0.3077466796890618,4.06043080294886
1.0820956959967747,0.03635666923018676,0.027747640837865288,722.0112538186848,22.434654731469067,167.4652372441312
0.7807416111205878,0.023365431910762617,0.12140580556207753,1260.1965595126335,0.2732176726216079,17.141315289519998
1.510783201837968,0.02816382211328115,0.07967887980677295,714.4468925645848,3.293789481303803,36.219739062510804
1.7739835134817885,0.025829389106081232,0.033090955831206,684.8140853961636,77.80724690081156,257.7156282566748
0.6744563902726795,0.02563957696386948,0.022826256014660772,195.82338074814365,3.7527700598967715,59.31840230473686
0.6751544074100048,0.05685952693593502,0.08041937683148846,297.52690311883146,0.05897811762026565,3.27759999522883
0.5339565533489504,0.03282173761440212,0.0633755619915104,186.15982358611828,0.06461262399645958,4.524159564288548
1.8706914148532579,0.04115514995839733,0.045186568484391815,214.99638969305238,7.060347050425477,28.717171285739894
1.6425187182768761,0.1468614402057004,0.04161139636498329,4498.413607570579,35.882807166289105,174.33661117868877
1.170319964615486,0.0794048238919089,0.030956779222228874,182.0267234224118,2.3592583076907943,16.797033529586255
2.2691452415808007,0.13534624679151666,0.07708695087862556,286.73609999932074,1.0292506128931056,4.853868053453666
2.117889227014137,0.02665481759015942,0.14139172286120796,1007.8458535071235,2.4204541464806004,24.033936942690747
1.4271322978900054,0.043194201239040574,0.02849650514163183,1088.115754374747,60.27097960774534,265.6329436142657
2.3692799920287193,0.0611581455662513,0.0666106420178591,182.64064317979864,2.5597769160644424,9.568051798328074
0.7230121562657076,0.023345221682410332,0.047012993626742265,2231.012986770267,6.6210653012272065,187.57075772661756
0.6110269928036403,0.020169459741727847,0.04919375714937034,2157.923874381974,3.905114398825363,162.08152539750557
0.810729548271097,0.07721489955274562,0.03337524294504236,253.04377675942524,0.8947257678901669,14.311097183724609
0.5538500672516496,0.07288889945721805,0.10545655075263101,309.33950732582935,0.01171037072888026,1.2681491499041917
1.295090855012458,0.045760985706441874,0.0531689859816875,3922.954290523747,23.598486531772643,235.64195045649598
2.6778786633012372,0.05364120921629192,0.059778278939016556,2528.081206524634,80.70038755260452,211.90821417971813
0.5365191522636935,0.04619213891754721,0.03695851093078147,1532.9790801753256,1.9338427036432098,78.21241673693312
0.6222859371503777,0.020991133009648163,0.028848520241604766,137.9468464555548,1.2563652874223632,29.48288989204787
1.124214658265943,0.039309787588670396,0.023779726126774366,513.5918545984152,26.29573486430538,155.8490743717906
2.6648085734051774,0.02857510387481587,0.08431949432078266,891.7376513924869,18.763076687844823,70.17954801827192
0.8810230537214385,0.024386933326916372,0.02969935476417754,208.16425510311385,4.244342656064294,51.155632731559756
1.2407246338007036,0.13747349922362348,0.08033193107005974,577.4621429072632,0.2947859778815021,4.845680464576174
0.5386665114637242,0.06691237943805821,0.043917064337800765,1049.8444040811657,0.5514665628497222,26.29196753147419
0.6522340262179152,0.08682581815316308,0.0462230307950139,359.9176625097808,0.22183500201464595,7.592628324249509
2.9289871623137262,0.03775657498928303,0.051474133924346695,2122.275802629909,197.25825542630986,372.82055912031257
0.5044452729144399,0.03223688018482955,0.024495067471475965,354.6523008136936,1.8301922966545765,55.49550446200462
1.571455122903456,0.02868756233189197,0.07617951859750902,149.959325712168,0.8740007526989331,8.492911883005505
2.367781976770819,0.09974787301121206,0.07649483904583124,2650.1875554479,15.008676231438438,64.50622946142711
1.129344371136349,0.0783292708760592,0.035603590686940724,181.76840718116782,1.410693906049055,12.404645583436396
1.259452226978775,0.0602041277836553,0.050541483047528174,138.32183593433996,0.6771834323756863,6.796752602143424
1.2005122114712425,0.052091005433442576,0.029533041210177816,1231.28095400545,30.24198892555761,195.20723555819345
1.651548227376639,0.1282970011922704,0.03055754465666962,633.5887077289854,14.850806342489069,52.40787171772574
0.5275868845863593,0.03520245060756017,0.12182548935914196,414.0450053196105,0.018196289068276965,2.508670161455214
0.8681326166309224,0.040480610715699944,0.03057815207466062,307.5127182693711,3.3111681393383794,42.3185596541113
1.7673323253484252,0.0967610372911391,0.031632686518033214,709.1426168682179,24.345584029117305,77.66590132324433
0.7178645718468923,0.14775462809958803,0.03513163633943936,595.1670687530204,0.6545923454147252,14.057070205931282
1.6710994427017225,0.032481153235870225,0.025853530862557626,384.74494202718427,60.92975993373673,177.68685308289747
2.842551068042169,0.11644007488394195,0.07251438730772367,1508.848575741474,14.867438802718453,42.02951162657037
0.5916147098841367,0.10662911331649129,0.023269373104633135,1951.968353127543,5.730605504948769,120.01010677861618
1.1073242026635746,0.04471677431746782,0.07332154901162176,4496.288711025949,6.59711267278876,124.26433556598278
2.3687323161850116,0.045658207159869194,0.03965097285007867,283.8186120509148,25.24347430875063,56.19291458492141
0.686782680573576,0.14355985458034293,0.08327750693840813,1646.7260169161705,0.12254734071315984,6.815590541898018
1.729568452507512,0.028795292301697747,0.061490892555317526,467.5552265114053,6.882290428339291,44.563453142948376
2.244659470054866,0.10007882079080724,0.033501496466610534,1413.6502060490398,80.9280828506989,169.50131935970586
2.7165815096441515,0.039216523772348695,0.07422399471813736,643.6927453733912,15.327999056651203,48.561809657311485
1.2185607030759633,0.04661925786971207,0.058941603034352426,1731.3420010202199,6.250775222317049,78.15774878850212
1.5126853707807815,0.06414018683705235,0.04825711658186789,4151.969445177461,37.97749708056966,252.29058737797948
2.371971707198892,0.1070573048629418,0.034311190846174844,2621.7315420953987,154.11103911649556,296.0472866850528
1.3899228419508216,0.1010937090894726,0.06754160429427643,3419.8080860207883,5.615342631463171,61.841042515459776
0.5279778860647264,0.11460494611155532,0.11574447511744215,2419.2112143945396,0.03816431848286107,4.99156659158257
2.6508728416666627,0.02255271375177982,0.14966932645649514,602.6950016379922,2.828184600768326,18.97463016057329
1.71999073621081,0.08065227586788666,0.06805493945041888,267.78178345100935,1.0209499848665102,7.398138494008417
1.6803499654114116,0.0265171915860579,0.0452035381835192,425.75805193759396,15.709341340011767,79.22121097541134
0.7358645710028952,0.046227107213666754,0.03148473231839054,108.23824758220165,0.5694012252746993,10.42877190367764
1.6281055503828623,0.060405775913892096,0.03357413438844919,776.6917176038512,27.92827425266519,111.42800758708695
1.0126423450925686,0.045024792291148925,0.05255118028199892,721.2370911069708,2.183171534907182,35.242663271159486
1.605934247214327,0.05697994755385076,0.041919923841050866,780.5213454537233,14.669836049681264,75.11052187613242
0.6052231117680835,0.14895379291747698,0.12608797976705605,4516.997336911111,0.0638799280206499,6.9265607873121215
1.6250740325719495,0.026263550027584206,0.04200597725637795,3536.1689970293714,148.49316129100106,744.0151833834525
2.996850267421544,0.07800014608292788,0.042444057225023896,188.2544104493152,16.182100725929057,24.089747944628684
0.5451126527415713,0.044417601313505875,0.04331578512602609,423.37025207800633,0.36184797804913227,16.615383486552535
2.8797800425130804,0.02614699105662046,0.10792546634805687,525.1566049964584,7.267983980913009,29.794068634232218
1.0365874410410423,0.027538126359113645,0.0742180681772237,409.7647665144802,0.7722000258151258,16.801115831504383
2.37984071612262,0.13542602125784095,0.06893906132595345,2273.1112467417047,13.152455534422193,50.429769227688745
2.031347607954126,0.11768881572237586,0.03921259744834238,776.8269470720745,17.478561796514754,52.32067822445465
1.381002347483863,0.12437906263568399,0.10393127568284102,937.5197566498164,0.3368358609763023,5.782109344315348
2.4131703846226604,0.03043117517447829,0.11561944210286414,2340.1718898884856,13.3180635550805,83.29262180532523
1.0314597868548419,0.04093183278509361,0.05619757437783863,167.73489126884775,0.48262199144614926,8.030278917732105
0.8983617819609858,0.07702605323713298,0.044619361300842666,1632.749141257272,3.29538583751132,57.390186779994025
1.653707256358268,0.0530135463532666,0.05446052510265069,549.278906899859,5.525571256173739,34.6618946487946
2.126161913121782,0.046467196318263675,0.07674665803362475,316.66469617212107,2.759970618940064,14.759845697305694
1.959490377448762,0.04112792127578093,0.020521094765063752,121.61313284394477,49.03568437320771,82.55379649597504
2.088284633512544,0.06616440717559216,0.1157953885365488,672.7014869462571,1.1358839004039054,9.500716884997752
1.0912385640023963,0.06378367064100263,0.049198793089665974,401.6763472306845,1.308890199862679,17.034477151446595
2.1645554825396998,0.027689524121461227,0.039915972219291176,267.4934241366928,29.342988706503462,78.74521397376434
0.6201701101831923,0.05174057536866605,0.026424290486921253,1514.350591229633,7.207063730469309,155.97341788486563
1.3263705691074457,0.06100307222346133,0.0484829594070404,2029.2361562321496,12.973251789588815,112.6208416940332
0.505185774992591,0.0631053245668298,0.054367933621566084,260.54938368629274,0.06309422363340303,4.233901548775827
0.8944310633397831,0.030541239686524037,0.045107170162557664,121.34159846154105,0.5900212071968137,10.47924539027949
0.964123138644431,0.08924069378130953,0.07850533203758535,2766.9759181612226,1.093914027450358,29.102338520057543
1.0168391985860967,0.02104169627013428,0.046702512341330146,103.97317391126879,0.9714430781765803,13.821767918565616
1.7383958671399105,0.04088176217761813,0.13878076463661773,3909.543213187364,3.5801013511603816,51.78903152725834
1.003060149463438,0.09633051045249921,0.06690129701796768,1164.9501456752705,0.7763570345159391,16.261201463689037
1.117175769834059,0.06229753282291648,0.10177067574653699,352.214944533988,0.14245384540088846,3.659016546595974
0.765271018989745,0.03385034690720665,0.0249300477536587,262.27601421009433,4.268866929880668,57.24212499651934
0.9759247963071734,0.08112534379463146,0.04453323212304947,103.58583076249249,0.25596519072977036,3.7700140910541924
0.75131169464933,0.06273816789326186,0.03942687635189543,251.22269741293593,0.5277777449667868,11.61217841478541
0.5700691036438549,0.09949286443134732,0.06300310794002197,171.39425200164666,0.02430757339779924,1.4844279582565916
1.4741588424590952,0.08794720940826942,0.1133853853671628,1096.6096080489422,0.5219540642934578,8.578499973422039
1.6555436241672528,0.06837727745734615,0.023419668070153207,191.84741835458863,18.87837166717576,50.81296802681888
1.5171453547256637,0.05348295184937794,0.02314927478707954,790.9084897731583,79.29046588691122,251.19704731289892
1.1471982453443887,0.026156071435918162,0.11094560011676688,1005.981746719055,0.8099224806726916,21.507361900820797
0.9874174183949153,0.033861983710778094,0.03071049813199042,320.89570586760686,5.999761339960844,59.529169238926976
2.348411309817586,0.04653371331594676,0.0769537987811087,114.70287316754386,1.3343801805700275,5.865052088321196
1.267342924375362,0.06690423156001296,0.05971475021946883,115.68930863301516,0.3148603027962277,3.6874130946804606
1.179902120331605,0.05630615097349601,0.10711811387974453,110.85705245699873,0.05011842062982233,1.2147275585094979
0.5235081050629427,0.03574449050028382,0.025733002082027515,1801.9827901485735,8.08501981780909,239.13066847556587
0.9215362597248721,0.02026220499085735,0.025977541160309765,346.96762197745585,14.560828973851441,140.30393129171452
0.9881427770988418,0.05435878188163803,0.061415808508069235,2253.6689976302014,3.289119797976659,65.16749363131241
1.0216789603901189,0.035560694493856286,0.13463850966461668,541.3786410433325,0.12670887729909494,5.148230609689218
1.4139428590294847,0.08787336619399941,0.04615071761337198,588.342450894417,3.6675312242480906,26.668532263765815
1.3007489778110468,0.02098864706904337,0.03864776315215842,743.6561217897722,25.729763843711186,185.13295378442234
1.4859770853866416,0.0649815638801453,0.06790790326157582,1627.1180263765457,4.997409836863226,48.41184315779075
1.9686334978826487,0.13331457465674565,0.13038556809524446,291.5232286289434,0.14336471368992018,1.5193317295422653
2.1458327707178713,0.028421617428182548,0.10799238246751908,160.9063782883302,0.8460059551985286,6.25007673548107
1.8104159786661023,0.05173115737284936,0.1486411791145379,880.4906189017538,0.5857751334950451,8.368042536960855
0.5166039367236132,0.07055698269097235,0.025106593232477787,564.6501776332132,1.3279751257518553,39.35254804536766
0.7100924395693559,0.06064275787030513,0.06828913736012744,1256.4437544209022,0.44370527401481363,18.92897048157421
0.5068215408929689,0.04544643132119827,0.10449238727974378,691.0425870475485,0.03304889657253475,4.234889074298931
1.5951563708985566,0.05718298613585271,0.03553335953551115,1131.9704885823337,34.11221717752134,150.054922368761
2.4990422517609736,0.12178330306722329,0.03238577934619144,840.5808271746906,60.40740317306985,98.67516812671943
0.7734567926374961,0.029702946694667078,0.09765220022558124,1806.7241314481842,0.5756984773354205,29.60162494539558
0.5570153320436754,0.11351142043467963,0.04209809481669082,808.3000446753764,0.3141867484005407,13.428470841503762
2.6674885688877903,0.06397978832524258,0.05541713289489416,1423.7569867635045,47.27258026523694,115.9735044498839
0.9388271447639577,0.120340194462781,0.061854231378742644,3048.9588378721746,1.687447303691665,37.30258353575452
0.5996402116902964,0.06658764216874932,0.08681862338580393,542.52024809822,0.051132446401879146,3.8890051947126505
1.194130308117872,0.10232236807738507,0.04088290453010841,502.6573988217622,2.3316970817410243,21.0581872498191
0.7921018207556737,0.04753576766858551,0.0687331633809648,1988.064112729266,1.2192551765170598,42.07358037315607
0.8329984805028449,0.09061568431179749,0.06505330307099597,976.6557134639725,0.4310259191635605,12.729017241592178
0.8671377131621015,0.12589173393173808,0.060287549644589024,132.01959304892617,0.05943786452194371,1.5011539540966679
2.107878678053011,0.06333920953243459,0.07269292016253683,3278.4725757467863,24.038097872316076,123.88295228228037
1.3137690484029807,0.028789099315116733,0.03373369508583839,112.79752418631341,4.408364725023982,27.140255735016503
0.8734025985235441,0.03437513213796569,0.023719353133756997,1868.542414933758,51.693292812389124,506.3124801822304
0.8149157496830691,0.037081926255713556,0.054794104426468815,123.58698461894915,0.20882754444652923,5.427586403059587
1.0489958131081132,0.06120770114400899,0.10875992283021185,1032.861057627744,0.28839725576466196,8.978898424316544
0.6220364301057303,0.06539713066090688,0.08216836276845782,533.1977353082322,0.06737578821338397,4.506998419574338
0.6917220138334705,0.04723276863876252,0.09805931692309726,364.5318442212356,0.0516013384515075,3.331173014796955
1.6942703631572822,0.06911318076530779,0.040565344499415006,142.37984794101587,2.858979077372628,12.726567091322796
0.6920802907531152,0.02357290213168479,0.045198790149473464,903.508977409334,2.6208920277351595,77.9064707408717
1.2812283741082535,0.023869871513382896,0.04421053436645336,651.442102985454,12.652279883811163,107.33763261385182
1.7812104708801095,0.028274263452759556,0.029439524209608853,150.5340992470115,22.46144243414944,65.65208212724345
0.605531047460913,0.05680408199366202,0.022625507108156327,1097.9973716829422,7.05792002388561,137.18694254967713
1.381734868867032,0.0307814057433868,0.06578362149376817,1793.7429861590813,10.285686421531604,111.6380333732969
0.7917984646209917,0.03539331193227532,0.1467760501786885,2011.7908032293099,0.16997329283191484,12.53479187989677
1.189163728303368,0.10267449887081467,0.021972631543727417,496.22484885389605,14.59268995466675,71.42408317252058
2.1191129951717613,0.020566491662204752,0.09619842773907333,4161.424750351766,41.19845700208327,278.0041308373244
1.34007614445582,0.0740075873662838,0.03327041558945631,2953.5110505357966,49.67258952185245,289.88559071419644
0.5404450221464673,0.07697291573820518,0.10641899473647909,318.96811760538657,0.010338252635190179,1.1865165617292102
1.5547391651615474,0.09997760568590357,0.08260716253218862,186.47349154128122,0.2368506438383825,2.549692170842
2.749829107152928,0.13099235829664602,0.13444735903664443,549.1784970807046,0.6832325472055216,3.826660794061493
1.469315277988668,0.020828205176149105,0.04558966271898545,481.7412659850137,14.748523502862541,98.10598189226155
2.169815661668416,0.027264664585980845,0.07590915547120199,950.8890158062547,15.51516532524023,78.79804487164964
2.4379027058427987,0.1192570789970501,0.05102774862914508,979.8412295775183,17.066408011963635,46.155806789435616
0.7524030789205414,0.05038042513618663,0.07125801788100587,1880.2058089052694,0.8368251759061949,33.180116071480334
0.7310935655656239,0.06238517439426282,0.049483063885432006,735.0006573785375,0.7237626516887272,21.10655633825437
1.4941893092951082,0.07607105129681284,0.02924790527681408,150.6921130514822,5.030884801068487,20.76053038645695
1.0442688467349548,0.07856966049299866,0.05565079209786759,2872.1772247074623,4.6006582070992925,73.95664980547883
2.251692738743587,0.13072538517962265,0.0580194429496346,335.9547108278193,2.861331785263759,10.314164964532845
2.5079803136365424,0.14908083357026355,0.10241369213028828,4468.947475650955,8.385373939062102,43.00735809601744
0.9418576998315842,0.08535164450630006,0.08803506185785398,158.5772161083495,0.04333696059739578,1.3547341904815762
0.764347986704002,0.035675178096549916,0.07618830868910301,4246.586729363633,2.2894065694836447,94.04583337948272
2.024589172812002,0.11772460563798695,0.025133365718347456,142.76650567233747,12.07420540996076,23.320934249287948
0.8181080471140982,0.022085198719240223,0.08543058836704279,246.90135211973325,0.18700561849772657,7.518951389118661
2.183174071919571,0.03185956917664893,0.05480594340044789,119.98803038581788,4.534410594622766,16.42412815867671
1.068322699393751,0.12198248468408422,0.12117746566833132,1577.4880783322094,0.16879169711842615,5.645190297653661
1.6535784095691968,0.03351299686915951,0.1276360682166328,2783.7616538370353,3.4404369710276854,50.58805602589776
0.5933499747944833,0.031197025697774942,0.02235091935265004,546.3535228906558,6.240909198188642,124.80499082368078
1.5290684165570436,0.02641788766862795,0.10450609889095926,3780.3425439556067,8.537478169288056,120.20650228686755
1.1233461169534493,0.11292898265034769,0.021578314658171942,1006.7008064108144,23.95652916271191,129.04013124590998
1.4303427316879824,0.05477868565787932,0.04191079627582504,1175.880600878419,16.253051752493263,104.87963260346571
0.6756324033504258,0.07791173839316277,0.05964522723231494,2731.1268054545117,0.9704741792764859,39.94379239314929
1.8722732411735756,0.03237633818084909,0.026954250961925552,319.34097406995613,62.96417287761907,152.50808345489514
2.346154613342989,0.09212167038934763,0.0899705350840238,399.84054808894,1.4660024751257021,7.548007145124196
0.7372696405264463,0.09248715238410225,0.02033952815013418,3460.8688030855346,33.94695745177712,400.12858835367604
0.5935405644811931,0.03754675581816539,0.028090824857773273,3393.9852827944364,16.241867876528957,407.95307242519436
0.5216322088541907,0.045751196815941725,0.06445591877725604,4560.526110168718,1.0063706733717726,75.0935317783685
1.5795047275671676,0.030515594466369006,0.08436511022213924,3405.620476471839,13.950483694456036,148.6006939839623
1.4838192042661926,0.1430805887468438,0.12680864652407028,164.58917510049815,0.03510408099948267,0.6368762499796254
1.3316291074352642,0.07344661796383427,0.08286722337600307,2508.89712588176,2.6999344814155117,39.744771743771246
0.7576348218963546,0.13146590778759432,0.0774244292613107,496.93922795446724,0.06746469738667267,2.8664560588375965
1.0072887739209133,0.03685623197857011,0.0442693002613372,4823.27233447219,29.36469924563106,403.581063713561
1.4506495508685684,0.09665680732160517,0.020051826892359542,634.4409284609803,47.33965912034528,142.09035885287565
1.217670421535889,0.09358434997908727,0.025478667334602658,872.872661402351,19.393111962296985,104.97243067738606
2.935057014605768,0.08058812737921416,0.05872161224557385,794.4593672857251,23.4475265128917,50.3468700159505
0.638470400829977,0.13996622752898855,0.07794890280663258,352.0639546678213,0.026328813479706933,1.5858799608041858
1.7373911632472323,0.04419926274756214,0.04637915356668384,134.1097270769883,3.038157748117124,14.70443951599569
1.0317896314414092,0.02602649359655771,0.08718040749065845,3324.1803258583504,4.032983111799331,104.03357749866491
1.0768967594513845,0.07741344573150441,0.05723892584639487,2310.585952617691,3.786118577609017,58.86377361658907
1.808712762184573,0.08694022325229062,0.0232240902808506,172.6043811202398,17.863412872303442,39.946110133983886
1.7289803650863755,0.06371522595587945,0.029448011824722876,2087.8822075367457,126.32977125150637,392.0054633308345
2.9533648060997515,0.030339493241591808,0.10866255242023315,1156.897048073624,14.582724343850186,57.226203090320276
0.629332530499034,0.05526623117373548,0.08617336647823877,495.5905574701654,0.06653118140452956,4.559828264649116
0.602536080695936,0.03751588025297319,0.1213393182334335,270.1309293866693,0.01679362269484976,1.7680330516880576
1.409426740733808,0.0733898124430245,0.14707382175871517,1547.386665124047,0.3534476969944418,8.243014690431348
0.8171625778996552,0.08977151405435754,0.030498164272451788,852.3023312944634,3.4785650928353693,50.045778336855044
0.5764614709903104,0.03193308132881591,0.020480384652710504,1085.5220626487635,14.438931424558815,280.3129393567004
0.5829416399010091,0.045259996687806746,0.14922313949764107,142.79687776991136,0.0035827095970596143,0.49557361623358215
2.481908414982327,0.03440034990411685,0.035236021391265915,638.5214015551111,123.5520496650232,222.62599330868832
0.705134238793238,0.02984316132645036,0.07684010360360953,213.3491845543721,0.10522972632167932,5.1226340331901925
0.8924871867086241,0.09694865896673817,0.028552086109431867,225.96314985222728,1.3559040112392728,15.309935624652129
0.7504866429450456,0.12493433434257946,0.06438215482282653,1329.0324829137085,0.3209422272401903,11.556251630569037
0.9445192717708129,0.0421702173883163,0.1236277579183692,3533.4330608469795,0.7117315479461372,31.068559407484756
0.5662291902732932,0.09087513737500112,0.03812484902525032,485.2553924792616,0.33321024962880547,12.481090421683824
1.2672929814453964,0.12188656187760902,0.0771868444951904,225.40304737609915,0.1558999162176709,2.360182919129017
0.564394541995439,0.11001211555157929,0.029204995756583307,1265.323537283608,1.58117063562153,45.66472337259155
2.0978209666585546,0.028906992541855903,0.07043106356413145,3020.790869314569,52.59821078644785,265.1605604543926
0.7600345815298962,0.1373548432653295,0.03939532300076953,1867.9755902280767,1.8600900868692896,39.95972505844731
1.3157729411918875,0.042721348968971215,0.03060907188180237,2992.212795270402,105.96942644559267,590.1730815766517
2.419940270489002,0.03961743528918818,0.03759096517023407,815.8123804861377,104.64250836817328,211.58889884312075
1.2992471485207309,0.053267428015446754,0.12310107470731174,172.9678889814169,0.07271671271197082,1.6704100381304736
0.8940271749585937,0.024912860024355,0.04452386468656796,390.57831255778757,2.417680070105571,42.42294351251274
0.908020930380326,0.03300027548512398,0.0327841866898984,459.0207789985,5.629240615810824,70.50713400902363
1.6593275184816207,0.03787688075489056,0.04936445283092767,739.053939311104,14.115491031527055,79.71804516932367
1.636744904182955,0.11671756004906776,0.08962774056758986,3057.761658539449,3.0389515372366116,32.02689099175981
1.3583443104313024,0.036788031828217,0.14154903690627113,169.26017135856694,0.07744578156145222,1.8715244425369304
1.8515123467430026,0.11283490264146549,0.04834329865325027,196.5913638542831,1.8643724169504303,8.281829370580613
1.1507217801265905,0.11250182891816207,0.1133670825644729,405.1544059277623,0.07173841353484092,1.9346777009598732
0.5568905437417946,0.09335690004822873,0.06254532473547708,311.86390104458394,0.04491427114345953,2.8533173363091127
1.369373675046098,0.026878015959008066,0.027454961270864886,1107.8409364094553,97.4146592956677,449.27448573403916
2.7806563332228307,0.0803720004903736,0.080420580727763,3418.136688269206,33.486185609675275,109.71065428131257
0.6845138001016826,0.13427153306036235,0.0562751466455596,4314.241625239872,1.1014326139141852,41.669731771890554
1.7214649034232066,0.07912153957544245,0.07419088674181579,1289.590458245302,3.878292956084985,30.584781436589548
0.7166825089808708,0.039013512656203606,0.12010497217051735,2654.6504402373484,0.2753787596430007,20.283755613541462
1.3059453007917072,0.05483622700465901,0.04857773120890434,780.3739873942833,5.266707433331496,47.25382854503402
0.5945644035313822,0.073464743718816,0.1229180396084913,225.9130057268015,0.006629072984251726,0.7260744766002242
1.120538316025894,0.05595132589321958,0.09076352863096615,778.8070491697738,0.4988916179641897,11.359905267384853
1.93811456012117,0.02546807783073119,0.053529013459331885,877.1395421098001,31.137506584771707,139.7734668175927
0.9320371442262283,0.037506380295824794,0.06743514874696242,1825.6315441537954,2.4478757896137746,59.857670266377376
1.6457804312273308,0.10073390731522439,0.03854192773853489,236.36033888094093,3.479805775815847,15.597507493662617
2.0794591148976562,0.11345497890284406,0.14512354930535987,422.42371481727685,0.2086425645016673,2.205721038142257
2.6330225823805127,0.026373995986078952,0.0767367050798186,415.40502999326026,12.119670727195224,42.25667822619542
0.7613021104437031,0.1362783135309695,0.02184734555119934,4266.375671178567,25.231792706965837,299.601009362855
1.0225820935524614,0.03879447965134764,0.03862283716882327,567.8703206444015,5.174661762787718,60.20607672062523
0.6570111133044064,0.07596177295178316,0.07022121047279392,1918.14750346795,0.3939497391333613,20.187114727217583
2.632188374345547,0.1026910734276283,0.02098602212031381,282.58662645389865,103.42371385808518,98.67948531912448
1.3156437908230154,0.13446799364325582,0.04952548933473371,936.6761207323996,2.4873669285096933,22.41829315512046
1.2716105012119596,0.11279133536628788,0.04836911367356064,641.7216204398877,1.9691081008276166,18.554105875975416
0.586573302718278,0.0827911627292203,0.027871998849896152,231.3971996252571,0.4962235200300725,12.662265896371766
1.9350162941450082,0.08918790550881461,0.08018121857735885,133.65773471679034,0.40120353434316053,2.706317235736269
0.6285653133697213,0.07835727987900784,0.05640417440317506,3270.0424517984,1.1001001644945456,49.47128686583455
2.03004721362336,0.11614385447121366,0.03807941981508244,4857.137810833313,120.69029115252022,351.28607474562983
1.7802482891914517,0.028105511655875624,0.06590193569444323,1426.4913990417838,19.057484545634807,124.82832612094438
0.533467847935673,0.022282490195094564,0.02313316739194376,3903.055176461536,40.91674815925837,1047.6838900692098
0.860695859116278,0.08488985989098594,0.026919092341169452,2540.7479786198282,18.634355323078857,213.29757177821884
0.8011454667688286,0.052131518547691116,0.02318058471359812,2720.539343114137,41.03517698739525,466.84046397674126
0.9532583104557946,0.1106732801334897,0.10276788699257396,926.7326337201872,0.12729515971554456,4.534805565465083
0.5850181192595547,0.043303797408983304,0.09108233796628074,446.29907074381515,0.052017100359499295,4.36066002140421
2.679568759988576,0.028072692588291155,0.09124833770918754,3870.6698762619035,66.50627016139934,266.2369294008953
1.3486892951077933,0.10788676163393562,0.08469515277098592,542.1932664456658,0.38653312956872715,5.669333584670918
0.8643987470447653,0.06044488441091688,0.07705188188041183,823.0722179304594,0.36619442090464077,11.895351234300636
1.0183138913064356,0.029281134856879165,0.05229102366121384,572.7100791005072,2.751383899260568,43.704439272554815
1.1141950389774489,0.08539061227723914,0.07295628930985795,911.1908989384357,0.7239947099344684,13.40251317344204
1.466639021943604,0.056012601241260944,0.021607210667233954,630.0485495390936,67.00428225894136,212.01439448176723
1.2596404424458427,0.06758353084560968,0.06995994163759434,120.64114299770348,0.19846628219887627,2.7564716805724965
2.596545982025622,0.050622580281175535,0.0958783702922607,3151.907113720896,23.555696634616016,105.52008053837686
1.2180994860512615,0.10621873526778049,0.05481181896514905,568.8683457486715,1.119636311699749,13.028554183281083
2.958141908075114,0.10640160858922128,0.04110324034420924,1001.3769560020647,66.82191642021122,98.87068267357563
2.298832878053112,0.08351965165989829,0.03497803312616361,172.37564405261534,11.159994213309421,23.267788543162617
0.7264784261365353,0.024732194778699337,0.07303334122845768,101.33415540302622,0.07681367553439727,3.348303575179174
2.649194435806093,0.10841228942924727,0.0807743529623808,261.06010686884963,1.6181684576506186,5.866513907349458
0.6159148316913972,0.07730497822305016,0.11565915205123338,1574.2385168771398,0.05857681359322133,5.6256793744802955
2.1630647358295665,0.08146458378595796,0.03986513970254274,147.41053800961532,5.505909455374053,14.777258653440313
0.9889002713954126,0.041558725326875455,0.09432524099923231,3500.841902505919,1.848947987806398,56.17695297131517
2.4108312904821028,0.11761249821498587,0.061979880189830396,231.90862214066036,2.210305879090181,7.424719069850132
2.368369192269545,0.08625307451982246,0.11845844041534764,222.63754978092868,0.3929295614409064,2.6139210223749743
2.1188580472364706,0.02509305575339175,0.057929252692126176,203.41200581664802,7.555714440448873,30.710033582823996
2.0593642829639185,0.04548422064465994,0.056752867193335,105.62203019524756,2.1133457590317954,8.908458585422805
0.8630907404986012,0.1193073268093544,0.06407783718856017,2047.7377667667413,0.7989024627455121,21.64707608410461
0.5780127863106486,0.02199530563503143,0.0905163091406996,3066.602047757452,0.6915123530715951,59.01500418304134
1.0293179214047143,0.13878049669435444,0.13969898954948967,1105.207973659198,0.060677136478630586,2.520169939664981
0.6823360587823283,0.07858485401844138,0.023195430502286975,208.80751441549543,1.2883552319312979,20.218641476773126
1.7367890131238244,0.07137114371501839,0.0222735041048068,305.2662275129167,38.625343109754255,89.84156823763473
0.9295825001155151,0.03449736473707667,0.13226470828321008,643.5542801892678,0.12335928453736998,5.947719731196854
1.5766787986881332,0.1334715338516819,0.06904111625950021,263.1737454019532,0.44730203750595265,3.913206616004152
2.1826509225969395,0.036478474340856555,0.052866456525015794,1750.0257724964858,64.30736563562624,224.79306458132345
0.6340072791711019,0.09542114869879666,0.024153829952958034,557.9680737287257,2.0143277003952487,38.127488173626205
2.342867088046545,0.04416066992259727,0.09400593157832084,320.6518210673924,2.1409963964792613,11.550118621760742
2.612249567433959,0.026478040296513138,0.09013580414412578,595.0966445435398,10.420638837713298,43.358365672958726
1.1966794839354302,0.02043650084708499,0.03747912973097633,132.12289380687957,4.008457457589431,33.046208566649575
1.4815847047708564,0.05988092612961797,0.0370687632397877,2274.8139668143035,46.20119856003303,245.76437001078318
1.96837439592152,0.14285526179846647,0.10819134826962129,259.0375224478995,0.20799488530414664,1.8295333389912403
0.6839445618444896,0.04207719491539192,0.023139130159906082,1707.8646053524253,19.96498416360138,311.08906911516726
1.2303889585469576,0.04107666448751656,0.11804591965591389,130.653736056845,0.06860277672714904,1.6850716725308317
1.0213865576992405,0.040006562921867224,0.033544760716582626,4194.534763627832,56.375391644103026,571.0110968808639
0.6499367724000317,0.05708706871430641,0.06605838901306184,212.77797459923585,0.06761748557703985,3.3308519559404326
0.9659783093103096,0.048600279319877045,0.13185064069173813,3160.474634109708,0.48709046790331245,21.680419429124782
0.564960874063127,0.11776309215735868,0.07842034138916956,2372.8522802357547,0.1435063534644147,11.106409117386786
0.5236674404005829,0.05538493601793758,0.04609793497342498,4409.252597384367,2.2229839179514346,117.71104129201092
0.6370152380908701,0.05563514330562345,0.08024438846093186,648.5177963361937,0.11107564213945686,6.919017285210306
1.3384036114229396,0.14487294877006726,0.03496617249998614,426.4089254238704,3.1441024965628523,19.332194030670436
2.8217967354042446,0.033095701384749675,0.14900091111440514,205.70085940250533,0.8041102928927937,4.739839607630629
1.085222449283282,0.0231861183979744,0.09078569944929393,565.9430352905887,0.7941258675680672,19.283230927378234
0.8741986232292449,0.07608930024054203,0.07331612003854883,191.25051151949202,0.08116179540385239,2.452683088844726
1.2382973051127755,0.0663761477365712,0.04091948882075478,4660.841744550148,37.06612568742008,311.5789375039829
1.0989465612846037,0.04616447236127318,0.022082525109444466,145.72024792558835,7.410307779655053,42.68176637023485
0.604217236898868,0.04682459882944425,0.021291519904354475,1002.4276662417283,9.319208164055462,171.2024637762679
1.576267068704307,0.09727674323406486,0.061090340420330944,1159.6937026704138,3.9007376734277193,30.21135742558027
0.7363433791213737,0.02966815544217769,0.09286569456670639,820.6935179941848,0.2626675231158517,14.171358068725157
1.51741071398353,0.10442437899917696,0.059056772532429365,1333.6257031552636,4.126416525251249,33.3385751348735
1.6029677960846764,0.07391344843370799,0.1088349652559727,157.53884308529655,0.12971014563298633,1.730626497624679
0.6565507985415281,0.04652155419439646,0.021393422095231446,876.9196956868938,10.37792499747331,162.24251638768402
0.5580964928754334,0.050330714480458075,0.041875550659432347,307.5852767876937,0.27556206548164364,11.670028842140443
1.139631064827877,0.09102823328697413,0.04925170213318029,1971.2280951022783,5.110113747980628,61.04271020241909
0.5549198171943146,0.05621171240587779,0.023140022331296757,4490.274942669267,20.98389948869557,496.7067430417661
2.972531551061914,0.03817661139276655,0.136758281673281,115.82615402842207,0.5934285933627363,2.89320836040839
0.5545389044938129,0.06646765591973908,0.03136116222435311,305.09332911731565,0.4833733013246533,15.528207342956902
1.7370508686777817,0.14871632446586833,0.12826430223638002,214.79151085566104,0.06833125034464074,0.9149779978704697
2.913540034270255,0.04807409927943247,0.04717507485787126,104.46030974105993,9.75003165975266,17.068179348411892
0.7675175264775823,0.12784724565904898,0.1456880695913439,258.0501684871294,0.005621424803650113,0.43792964509021054
0.6451512282773084,0.040081214028734005,0.0610752178427553,1423.0495937835053,0.797093698956005,36.84358633881629
0.6214781248921428,0.022331837928587804,0.13048655872756196,246.95234077395554,0.0227567156576133,2.421777395408828
0.8609222650507747,0.03018244037070445,0.020216719640647213,732.4560759781181,35.69666838430024,306.70513538632537
0.5992374241587127,0.046495818440144145,0.09032017922878496,3223.8612830996904,0.3856963774296678,30.5592750478416
1.7281292372390327,0.031133218078852203,0.1233828054970974,1508.9466907237995,2.5366194027666045,33.0117136467004
0.5590394357227969,0.020009151292850417,0.026502939887551313,468.234007075907,4.183311085549847,111.74803029546463
1.2455967612562453,0.12638990787477533,0.024274260312789266,429.35206376211005,8.742512265256888,43.08616778477108
2.9822971082943246,0.10951564855418128,0.04704971940315694,594.6774601519164,26.340717717534183,43.89280957380287
2.1496214513489895,0.08924444099076066,0.13123698330543332,199.88863297416333,0.18748428302944295,1.6772881716214938
1.5055798005461736,0.028046459675120997,0.05965563381718917,1194.3958522782889,13.039708440795,108.09916520188966
0.8655290370043893,0.02548915854909033,0.05788775607776528,415.6087827979327,1.038137061888699,25.26903635326947
1.2855470570461014,0.08602008994408376,0.020031841085227493,1929.1245866486167,112.90220325455414,431.0800059743416
1.0728211388965816,0.12995526021739043,0.10231803876835618,1089.54093834885,0.1840838684540125,5.154942774737155
0.6319496060296487,0.04761844563735737,0.023859596969061106,415.6891143573087,3.089528213025603,58.143467442331655
2.4483989412138683,0.02542642972592323,0.07172778485081514,227.33582762358884,6.773411978592665,25.529428807404365
1.1193618241900496,0.056157155906872855,0.12629187930216096,2082.8535552802155,0.4919030595911244,15.617967726750042
0.708623833786701,0.04039050520041449,0.030451816380318734,670.493341008625,3.9844055730532673,76.11246450833706
0.9663676943419115,0.042562268541140404,0.07641603228136373,240.903757150974,0.21803853677281776,5.620092851814579
1.0500877425619393,0.06994108360878262,0.02343667899274809,214.58324895711084,5.2564520722799895,35.19234092124403
2.2025189440898125,0.0851044708719033,0.06750761028865321,190.99024043000776,1.4845685291551127,6.5076506883838965
1.9842919442273168,0.021486893339058136,0.0881118760348502,244.93021245145286,2.4798350336660246,17.480612856429833
0.5099810004066331,0.1482961671927646,0.036696600425642885,784.782678303942,0.2705482126991883,12.024667130975406
1.0539032854097985,0.031965504172931376,0.0508774712176923,585.0105832723438,3.098479192638341,44.70778341850595
1.184482252145809,0.022291279781237665,0.06692192780372472,965.4761100576682,4.574330818923392,68.73049174855254
0.5174930226030384,0.029321254062492325,0.028242603097316972,3092.145098154011,12.357122378425252,410.5098924680598
0.7964233374355685,0.0216331866769943,0.08912684274086158,2980.4153199167313,1.8724203474591397,82.87708601704966
1.9524974747263062,0.044044180331839204,0.03680093343891304,583.9352808151065,37.714800889241246,114.68331705864361
0.6392372776541385,0.10073507518516625,0.07597066924541299,106.19566750662493,0.01196231416126435,0.700563527320542
1.304734819194937,0.039777711629362285,0.027512962864735376,530.2921942120431,27.081381019882638,137.87141039024596
0.7352408189689384,0.048946054435184946,0.08001568064884299,1071.2840451029463,0.3234380897483312,15.080564579883257
0.5109775272052725,0.07802069439473708,0.02589419490541081,886.3915253507411,1.6628560065258144,51.94742316085923
0.7703023453428047,0.05576266015121492,0.04712409129396889,1278.2049836198626,1.9070075566728237,47.7071547581123
2.8730778035429507,0.1134612975873817,0.03291171055064112,182.71325218973277,20.40580793549,25.62831359126574
2.102263306997108,0.11451549840703933,0.09034501345798308,1254.4222239487435,2.628868958546484,16.928148442462767
2.7903955454643126,0.02040339612754318,0.033909913173052635,204.32411263688743,106.2857724703064,145.8078227298034
1.198379134198704,0.09591094710335073,0.11819161193943492,1884.1597878039083,0.39004345642782184,10.11164301320021
0.6086412243431165,0.05060577986475525,0.12062221982345346,376.790273871989,0.018219749528060627,1.8687772719449505
1.3346437770322122,0.14666485223774495,0.02971174650855772,1607.2781750227034,18.91983084321276,99.40889639608486
1.1286110430524132,0.052952646020548444,0.06889422258299664,120.59303263085488,0.19070396446357527,3.2491105503644455
2.269904177048897,0.1460913184292462,0.02386647643844214,493.1078876237103,55.311557976915594,80.70486275554843
0.596064266713722,0.09147963312033258,0.04401988916206514,1577.0029485831376,0.8152319938699352,31.81665650725565
1.1992105915721423,0.03300460200639793,0.08418412640287817,242.91045199863444,0.405236109258257,7.4723634768639355
0.6542301587449266,0.05917776875437812,0.0755206527682808,2244.7544126281,0.4697268870148589,26.10721753883378
0.894575464910808,0.1476418443547932,0.07041762164334112,1179.4399819673622,0.31197081759114353,8.647128482237369
1.8738953610772544,0.11256977879499737,0.03534032676513488,995.9781860098655,25.124245961036454,79.64957793460648
1.1732325592619812,0.024335035983444574,0.04283758562406514,398.7208058215844,6.411430906371224,62.852461671454336
0.9805459346257426,0.08301350816687607,0.024610145373196,660.1924854500011,9.58128588253641,77.25251814348603
1.013753143143108,0.040126687031409494,0.08515673726433709,1034.8527175503498,0.8287538094276787,21.63170129575735
1.138909148865481,0.020283360175127753,0.055203112205388934,634.8906915707432,5.235718762950903,70.18951857284455
2.0409464479915687,0.045092110457296816,0.08341484465773828,1536.0784309809478,9.504260206159584,59.95273471235264
2.4725598937924027,0.03209626495979268,0.03302712962644947,545.5544220198412,135.84768717050588,231.17453497765422
2.7692673489918085,0.10413357397090664,0.038453273943807015,220.62568364214988,15.073034069442667,23.807554442063047
2.0478580907092314,0.039465257828778084,0.039218311432693165,230.92294095842334,15.868129427526657,46.74395576019674
0.8798411594354525,0.10596536167646547,0.021064743793834193,102.29641856652448,1.3399280574554011,11.48522921249976
1.7157060642687567,0.02002411029627723,0.039761959456132104,324.57729107538245,24.804525502889838,105.54155363034475
1.0951949245679966,0.03718695429293095,0.10091848231368332,1872.3567766787428,1.2257469718406795,32.48622504201993
0.7891185768008563,0.032513545668808014,0.12196104896394713,2234.9027035525173,0.35464866849491067,21.87990861720836
2.2557723825394196,0.03201958845927564,0.056820201518345735,220.79349844458335,8.218427883849188,28.907565708558337
0.5356381678014843,0.02294549680669096,0.05007510683820298,4259.778169272293,4.327918846228247,237.94057968991712
1.1430606397062957,0.06125900015753244,0.1175946744357285,3613.4278641093474,1.0318938657349437,29.2546359264001
1.6294726797541093,0.04637415414162537,0.134197428657287,1688.0788003565406,1.2412694820646701,19.761807270504463
2.486033596867545,0.04273774506361607,0.05359498877669891,139.47185003046127,6.203889898713328,16.94668795861746
1.5645711349056703,0.11681549831495266,0.039833055886442925,236.46034877023985,2.336434553703444,11.97614850464597
1.502115027668111,0.12394302214273356,0.1287590450071934,103.50852915709787,0.025256378921608914,0.4539970212768616
0.5634240395501952,0.05400047078358192,0.02100746307778224,1646.9460783965633,11.207476150149164,233.62603585272805
1.2658138837820416,0.038898842527123285,0.0645375387378984,384.76035820645706,1.4215649486150266,18.036403787687636
0.6543712347343608,0.024802025783275096,0.06044767260983375,2170.196349662839,2.1143964388477015,94.02171233432935
1.874152875272324,0.13655761520915288,0.031113493896213353,376.56718432938527,11.47984264904823,32.03208771814804
1.2518610654123634,0.022580432818268166,0.04746055070276714,2466.1726023190195,38.177016092518635,364.19421500723575
1.6915704944437997,0.036432772642389664,0.07443907378956394,166.74484360695314,1.0229827423075746,8.383002955092659
0.5387630763047307,0.03646331776894099,0.08655942034283633,197.0406324865843,0.024819370433174823,2.3314172537796676
0.5820375683555266,0.038141761826884966,0.02002890888844817,379.43642162518364,4.650076982176135,86.60160723818383
1.804587498591309,0.02784781007143359,0.13207911243038628,494.31958871114807,0.8623605424473102,11.017363633185969
0.5689348281422579,0.0969045628762565,0.027861197309016643,391.2331227032672,0.6548175637626381,17.754383982222215
0.5680917941835342,0.025599007613570583,0.03202043190274972,1983.4141268045894,8.241475293981573,257.5761622142395
0.510966266619913,0.0718806869553203,0.034008337499063464,146.12263930537927,0.13133076325462453,5.38862504177172
0.9415709037646183,0.12497885056422324,0.14593067973274743,129.8632389893884,0.005316302366928956,0.2756517625169555
0.8505885606449063,0.02933623082631035,0.037745393049389196,3990.3717142639,29.649439824833795,487.25008442514496
0.9356038706122712,0.10463432896790491,0.02523048003299366,4739.393076684902,43.993521013703315,399.43008213779393
2.0033997638179075,0.05992601157297238,0.024811550454189847,141.40822492264564,23.661438094801397,46.075531936121216
1.635371301841912,0.023396948551601005,0.08523177715243258,312.50953912220143,1.7971703298055017,18.04133177542118
0.6967551172613589,0.13712154474842148,0.1118999597894413,429.23740555089586,0.014394058729344128,1.045113410569125
0.6830514244029064,0.03289547383432945,0.033564408609316365,2084.805993814495,10.174039105552698,230.55585369648472
0.5963987193137448,0.11305046099352549,0.020860614618575867,1029.109953192714,4.051902106096488,74.85541003142099
1.6322451668126612,0.02810276764255023,0.031350713486888206,1243.8213208476618,118.97712976966388,441.0122854421116
0.8039262580735873,0.02054026382021986,0.024632409708853543,158.65098806162123,5.114526151802871,61.403118596515455
0.5191207061952509,0.05608790888207077,0.04771182580577132,2603.741556537124,1.138927999868191,63.5179036290941
0.5793112869726206,0.09426259496344154,0.03178503220117347,1580.6178486400465,1.9337315817173657,57.69064831141881
2.832119019933457,0.1315325810199522,0.0565606312721082,956.9434482315121,17.39744153805221,38.64445494550027
0.8489277445065833,0.12492160793874568,0.03333132357260677,3248.1318166490087,8.182599210228753,119.21006873177102
1.9840013286173157,0.10429223378890358,0.1330631360170229,1548.1017055158186,0.9372184472534011,9.979877703526254
1.53127341100937,0.11974347027220883,0.12410419697909686,220.13149668423952,0.06577636371063234,1.0966332269198553
0.9912354203014052,0.029878543685306,0.06266428114495001,537.1857851151316,1.3554266937298853,27.23033756470833
0.7228127499015601,0.03545754514407821,0.040848179121441855,690.8185833473462,2.056152641786611,50.639218942912066
0.6214797715260856,0.03580100004588414,0.04310790010601031,124.11180494477935,0.1978650179646339,6.956366349756512
1.505022921958019,0.04275385548229954,0.04585914726183341,4186.976276852654,65.93520040288186,420.5015784428546
2.0033288683144503,0.04417836900889685,0.08663761264300406,165.36702345580846,0.881489708000115,5.994179963125929
1.58498407981588,0.05991689040310916,0.049686886731096655,1530.9667977412857,15.79816184948236,98.42583085429501
1.293079636319911,0.027601620690919915,0.11238832147098196,724.5549796647975,0.7615347416526281,16.123930403058317
0.5390318177547054,0.08052174437072283,0.1340203574128207,110.54737224815531,0.0017014015895304897,0.24720619909539268
2.091656917837321,0.037373943787538,0.06189734442246433,2800.561968212679,55.07725133493433,245.456154834974
0.8449477198809622,0.05514267391326567,0.024222016123170233,777.4965919704138,11.400135608097598,121.83475194993342
2.8942439988587583,0.09953235494668021,0.029953852981739196,244.8872429828464,42.27561377139323,47.619286760958246
1.4700256608884272,0.0887382535477868,0.0460084785490723,160.92875190979308,1.126742289220875,7.556543531152728
1.4196553521145003,0.0734365228332378,0.030301910055642017,414.37440520075825,11.05249359118732,52.34497324409644
1.9102230633972954,0.0273741814636035,0.1169699020341069,271.62202819450386,0.8231792542780613,8.312103230427985
2.141162753179403,0.06021825784583575,0.027513140557476952,725.860480671222,108.21667873317733,204.57170351509768
1.6210994314909157,0.023853441250685625,0.050091164699937414,4384.301438660284,118.66854882776329,712.5051506577952
0.6289959795965795,0.042780503723293756,0.06777256741672846,948.044534577197,0.33744681657170067,18.208496558286587
0.9166283539425369,0.04601318470671953,0.0806219505618086,3250.6197513753623,1.977627674848136,59.77530651960266
2.6372994822632303,0.021670425767611978,0.043275207834350335,1275.9205180279648,253.83864185193266,497.4948077826079
0.747747420543474,0.03473652485216787,0.11522452454476155,641.8441590093585,0.0961864548406899,6.2439519112528625
0.9740297891497274,0.13717716584351677,0.06285561355114808,2831.0830822987127,1.4628371905332804,30.528547261400025
1.0844041502751163,0.1366208397037919,0.048487102169622466,632.1793130023464,0.9859589912194254,12.805993963210508
1.4994421222649728,0.021814498406580243,0.051010754708913475,312.88171645489194,6.938722580919694,49.58980645204739
2.7091038076623923,0.02869122158242533,0.10452595338087335,165.51964587224677,1.9131355121588456,8.58280273926588
0.7696004961387809,0.044080305273085534,0.0689907768909139,2838.9230385308233,1.702835254228587,62.48036301523507
0.6216077954599916,0.13501912698876506,0.10696042595417714,995.4071211746997,0.027562977447658742,2.4034046819210277
0.7122491062292461,0.026582010584254415,0.05411535007542643,3239.972437770732,5.293324366799728,177.8671342570066
1.5904077952449671,0.024896246531975523,0.020557282138227956,123.34257947363331,43.696660283430134,111.86841994634423
0.8345430214666802,0.1444410015158247,0.03684390682159569,709.793171516129,1.087755245366849,18.126333057572744
2.157248298617377,0.04314870952225019,0.0816233508070452,433.56430667696395,3.533324734366048,19.521278466603608
2.3401631915889713,0.09536910581693812,0.09830052235445783,1156.9501416322732,3.1175870212112424,17.62757925958069
2.5943814802080625,0.07084002671568267,0.054294713009137845,299.7190590250718,8.792355137040678,22.341156266746875
0.785690803171159,0.029448001961609988,0.04672344281084856,883.0468659717319,2.71593340529827,64.7531898988994
1.9342242562477063,0.026841534065106396,0.045736463664013384,1599.9580596738651,85.87657033984587,330.6999862594247
1.141141211771544,0.13240170774981172,0.03187676882791944,169.197669711412,1.1167006743931776,8.610786973603503
1.8443610229617664,0.11956930026583844,0.029726551717107478,1070.9323299062446,40.746212293359854,112.16321777408156
1.620179597009722,0.10193285719519235,0.029813058544448,377.4413259400477,11.319984329609744,40.49828150033568
0.6871260650804408,0.022984843174052742,0.02037423658025183,152.6640263055828,4.852897281863985,65.96600012091615
1.3276493365163407,0.039263672412998635,0.07078146124968278,725.3211604662943,2.322050723748436,29.372101130447763
2.9187170383347505,0.03763045316484041,0.03783361667849472,139.89104911467126,32.511243245579415,45.48183767572073
2.681635216670448,0.07198774907121176,0.1420990702327585,4438.093847436578,7.892307105367785,49.12543007835323
0.5402138330784692,0.04097461245518505,0.029549101706702784,116.33880102610647,0.3304567897693871,10.539939416619424
0.6717703930803341,0.02697630900212245,0.04014682281803982,1906.2529383799174,6.305909432488846,176.7126930813191
0.6331037910642411,0.06652352107222166,0.04113039989794523,780.0693669573625,0.8145816793770599,26.330450869986215
1.8360824482155853,0.10319670200192994,0.02034349527932171,422.9367576797357,57.39183750074879,109.09425927043846
2.164365891966577,0.04319281045562149,0.10848966478398553,129.37902158780022,0.45302277669204954,3.3048944678545484
0.7330171589322365,0.026107977190917505,0.021331780605797105,1140.3625379429852,33.7575960261301,422.16370425559546
1.2376558811221663,0.029726530099504548,0.13296733045914708,986.8969017623722,0.5099565151837746,13.944046693554506
2.2550912340338685,0.03227323027263252,0.12068400227736314,300.06286781003837,1.1554569063571563,8.637454594189451
1.8586620972328778,0.036598118776313304,0.058836181649669195,3519.1628793598125,57.74165000403422,309.772840806494
1.3210296454321395,0.07303231414373762,0.05980113492145615,328.6047073243476,0.9238656662171643,9.972491620666606
1.4399579099458744,0.06712651655220264,0.0746664891166578,580.8580102035806,1.1821940509495985,13.409897509483994
1.2432297657071492,0.08130972996541054,0.04362369699218389,839.1432434228326,4.550101391692768,40.45305240444329
0.8521336269093497,0.041518479494088545,0.07368670631893846,148.00996451340743,0.10501368252519179,3.356836425229701
1.718015048093651,0.030173049294222588,0.022301033019868893,432.838305883856,124.92608532115929,297.3272668614158
2.3908224393401576,0.05145995294665055,0.05024983317982607,137.16441681928043,5.468281584857119,15.142633167448134
1.563510913587909,0.10043855252616936,0.06053174318658276,454.98396073841394,1.486926655485751,11.59795575144775
1.9554093166840996,0.028752780541312643,0.11965333880839724,1046.4684131768727,3.0256977776794276,29.825350877252312
0.6660854503286046,0.024955538793122893,0.024695308861167678,745.8997851746025,11.171222014522936,195.86904440172577
1.1432245186918828,0.11866089095279392,0.10492943398077259,1513.5820917352937,0.3142256783236317,7.946694107431043
0.5084302899992317,0.039913008043065266,0.03053755653524935,124.2411759308498,0.27364227108130884,10.182752593949951
0.7778994621402942,0.07933379893318332,0.04424633783699354,304.38690297358414,0.39714292296716963,9.14719147829411
2.956297649773702,0.08032732370124034,0.04479096036689262,136.69007414776044,9.319395213929413,15.045005172331802
0.5972354340215972,0.0378127278284212,0.027084621844269463,2840.82823755161,15.343203126507632,366.9933811655766
1.0265812037232398,0.02237724709208724,0.05516767244004446,143.26123936429204,0.7857577701335174,12.956785909736096
2.096747959399552,0.06833662422920923,0.10058109818437193,2616.451453408645,6.606773592296619,47.61281874409136
0.7206768780793609,0.03248987849532483,0.048685463011539386,410.1745132040909,0.7799829916374748,23.031054013453822
1.35179255957037,0.04360236334000555,0.053746096953378,1096.793416295505,7.623332515609318,70.6288678749498
1.8595606603665233,0.023525731877813507,0.11059961907074693,181.86562671520574,0.6998715399825626,7.051180278403194
1.5076476415754756,0.02690338063023783,0.08296102352492095,129.54440882150786,0.5504650721062176,6.328703033535341
0.7002960660456752,0.03645678204229673,0.053728862976591255,232.74080462680612,0.2692508023726172,9.292056388292998
0.9451765775438784,0.023964868905659676,0.03361471822512309,164.8996757101517,2.913639844879163,34.53424731619534
2.0364725544548543,0.12533107869942864,0.11895839959176231,339.4440881884428,0.258821598122811,2.3385629136117894
1.349714953004561,0.020245174707949537,0.06396732613372925,748.0346346765352,6.61138518147339,73.126888114595
0.5047071237201314,0.053019707818351,0.0312282539750368,1000.6556880052663,1.5176206613614005,58.60607247026998
0.5326569271318907,0.03717646130193188,0.10088361849858513,1302.9624328762532,0.09826193837384349,11.005793838139406
1.9022328609901833,0.12923758800056323,0.021860498789663858,1082.0868872600472,105.0811520014908,199.9714917811948
0.7186716370343216,0.027702734240106126,0.14762891851216142,500.7319614012329,0.039719207567878057,3.5761980051095485
2.7828902604488435,0.1400207648393208,0.026007325978708484,638.2433798477786,106.37405348454999,112.52520221092828
0.9666818399493421,0.03027698900935561,0.09945777178760117,506.12577560644036,0.2923620329221053,9.801738956460309
0.8981983447377937,0.08911396582284026,0.04430804448960085,2696.589404481689,4.801520094163217,83.06678211329965
0.6528710734281696,0.06017361371564542,0.05391992890197826,245.9030241937227,0.1381760650243136,5.506020596263649
0.8645225120801133,0.11885106247476825,0.11793784897768371,102.26327361392417,0.006455451634721392,0.32087639854348093
2.4051207811563273,0.0610672036804626,0.045957096508621516,1278.123937366127,57.142410296265595,143.00390941016855
2.9803606104096128,0.05872216531552366,0.05907040640498559,220.78887012997404,9.19840189344679,19.268826371354276
1.8232675717239895,0.12676931689918816,0.03275253216453776,135.00737817825726,3.499456728539608,10.86063573719236
2.446607817015994,0.038717606723304585,0.07881010330740386,151.6179811704917,2.231671610082026,9.255375031894106
1.4469322432674927,0.04232770909619326,0.025535490618101953,693.8757060051344,56.808010411557554,218.2568839244527
1.008407845649422,0.09245326355810476,0.025152356449760147,1084.0542839278773,14.392693966738035,112.13957143941596
1.0472544289823889,0.03958414786663581,0.04577682890565614,293.1305071089661,1.6888843807085443,22.20505054579742
1.7388660761076684,0.13618929228381832,0.07377803654085002,1651.2689698635822,3.0236580767668064,23.240103385971775
0.5028915058552327,0.08846306889087835,0.08397240908199936,1025.0486420658153,0.04740631869732445,4.95832281120144
1.5174144729461927,0.06665261355441794,0.028654000754787325,356.3415125903716,15.12330790479368,59.28354591140392
0.9453602446536424,0.11799598439274757,0.023478724533735718,110.43465967366339,1.1637169749687373,9.630254263584463
2.0747971880178153,0.022102337410768468,0.1330255343994024,1881.4073081590413,6.15187119871186,59.88271724614995
0.5906507870300345,0.03357187518941198,0.03381653064036171,231.66479256021955,0.7003745317475912,21.384956670628274
1.4344332178719184,0.05104641863257448,0.11162473990939914,2616.651348041729,2.071957772044211,35.40717243476894
1.183694582641011,0.031597310883028404,0.11392995221707537,517.6789964931528,0.34999057774330483,8.964488237048483
1.5805069702323162,0.08953495273962826,0.09484940062126437,955.9545953093324,0.9409592742285348,11.25442057851347
0.5616113937097563,0.12746570038653696,0.02810410405816909,3041.6813035815376,3.6271002873744327,101.80475015013981
1.4134651780248022,0.04697370458447435,0.10475062402788919,2932.7130628857362,2.92173580423262,48.25450754176049
1.3673822515976342,0.03984895904030793,0.09422613162741982,427.760436600896,0.6248561661972277,9.919324512371466
1.365363717197878,0.13881800353720625,0.06655783232473128,226.4101867661576,0.2681874377723631,3.016139598565447
1.4742620516421896,0.04901207930474327,0.03945503514557937,2074.6743376356017,42.06338900330571,240.52923798383364
1.6802131352600669,0.05357686612748572,0.033942287409171865,544.2397712224124,23.470561092859114,88.88866452646917
2.1153059986429326,0.04062049180380877,0.02556763298837252,211.96960310234977,56.28817113776747,101.31454855485576
0.810832849520419,0.12500881304234573,0.05585970767858624,3440.2620741964984,1.6032070799289546,42.907791771299685
2.1927202859431487,0.06293625541656543,0.06503829039302504,217.05664391220054,2.517417423770267,10.726756826133865
1.2209230319336526,0.09289224369656109,0.04125471836902351,110.62304398244373,0.5879641245846636,5.125761978820183
0.5740278990433546,0.10266220981349784,0.05211926733396639,108.2567704950566,0.026834237007690408,1.3370021506720733
0.5553048711571846,0.039826198148625536,0.04160326508128445,1141.0249051142093,1.2977145432389583,55.151099525775884
0.9100347366495523,0.04792246017609817,0.07276952934527313,1330.963301159757,1.0346486228012994,28.637629356226086
2.0405092530442515,0.11053371799630285,0.12293824715314863,337.6373842128041,0.2660425491650903,2.474409269783949
1.7768583543682723,0.04158155081505534,0.027827248560061097,349.69471741682935,41.7039037581784,115.78489698292361
2.054147972327489,0.09903116237417407,0.043130656703650655,377.3896438977496,7.84143887929095,25.248113615744863
1.2632333053369793,0.13318518745321223,0.026564317002739604,1430.7671790585637,22.004346695490014,115.38531823623894
1.100300739927546,0.07020648858049677,0.07045212239973028,125.535792093808,0.1297427156450911,2.3782899935530324
0.651193972990498,0.08912495155370485,0.08686330400877963,3789.1414134895713,0.3411962796343538,22.015595674414964
0.9002302576482017,0.10128367865973846,0.13077078441678086,238.81223845150794,0.01465164679337378,0.7447328507972901
1.0881849541510775,0.10977197004829672,0.03508003482104503,4993.611941153698,25.863787958014303,241.35553727988918
0.5860228355178873,0.04433287216813196,0.13568224285802133,195.61939517797742,0.006771756236160236,0.8427636689455238
0.7424025777994645,0.022176278294660685,0.022718973720794487,2045.6639316729388,61.31102934087412,796.0840599482993
1.4604267022139972,0.044946549115798866,0.06740685562676062,239.6465672416533,1.0328628194095264,10.282476766170467
1.8682163843414896,0.07773345539395439,0.02244009159300006,137.20068855913618,19.399773890461184,39.289589751485025
2.9911305507593244,0.04955804585824563,0.1210980543744923,3065.388147649976,17.754424784083618,75.69785763753096
2.6611742339930484,0.09045209635284242,0.05816280976175567,2877.349589200179,58.03613530806859,150.14393616368739
1.5811858449447387,0.041059295308875345,0.07704612644982806,484.90201789096017,1.944372735376853,18.874482367141958
1.0635666326652615,0.07185715289498136,0.10683366462214794,1560.8097787880806,0.4082163561720902,12.144500972488833
1.5631916126075585,0.0291178125328638,0.027074534528691713,883.9715953707511,111.29455385400956,388.4373952700334
0.6180924792499217,0.06005475500052057,0.11751812172643979,342.9814575076273,0.015827407777273705,1.533621783078545
1.0421686547881888,0.030171634451244305,0.037723837340063945,775.7176974832731,10.325521341080108,112.96980846151834
0.9946037579732471,0.09038752152837971,0.05139990042321613,399.27800156812447,0.6096366337058936,9.978004514885818
1.393070601540186,0.052885381631478524,0.06677047505774802,3270.0576929448252,10.696124567974081,115.92449630695161
1.4333210116726738,0.030907988417623284,0.0212878191009356,191.34698271918933,35.99386333611233,117.4852250999619
0.6958576905462469,0.14042729994106706,0.034800103666908756,179.4777820349595,0.19463436658740474,4.406256294950007
0.9568502313057052,0.08449056201951731,0.021366426593204257,955.3268757809724,19.342860808795994,142.19201974790548
0.9104799404688083,0.1375883338316382,0.04664973836847516,1309.3717743782322,1.34767623036813,23.88936306837948
0.5240286188717661,0.04729040966954005,0.12142199325979919,214.11755490913694,0.006932547266856185,0.9655855088431778
0.5221494870016091,0.052092104130394154,0.14484751749508726,461.12345652193284,0.00789836881111495,1.3218108362010996
2.2189938512142042,0.12212253805734843,0.07219142801797306,4056.799802622909,18.37552896967849,84.86406655525242
0.8155684118205463,0.057607673259962876,0.027699560620565767,262.41919789240956,2.214718404505235,29.052342507727364
1.265067340873165,0.0831653412496543,0.12408054927256379,1366.2330437195149,0.33162931814109886,8.099158364816237
0.8539327756053458,0.033242732311696305,0.05659505262113741,1809.2209940479843,3.560994045259796,87.0588454559138
2.6974955389634623,0.04919749879466192,0.027262775226923924,577.2410639238665,216.4845503120803,255.4971466186474
0.795686704820722,0.025648158638336464,0.12811420900509457,3915.872382489961,0.6967026155727483,44.40900997040587
1.0797121546966149,0.03028831728502692,0.09201567581457133,1784.6690685715582,1.8132670000951197,45.08355464535843
2.3882849395401915,0.020038053962192156,0.08736086711467629,599.7912494856841,11.649113911806943,56.20152523505902
2.260068811077775,0.021646581524347206,0.0834846360678641,927.4348905376069,16.191240241533848,83.35927038143326
0.6978869145408902,0.14328911906607145,0.02994605463654428,1502.2059055864033,2.527512295940595,48.95232604373946
2.106434210276187,0.03259149829695993,0.03059664290736144,1014.1760571047226,193.40695542462052,420.10768018922437
1.1363410694501155,0.07611451828342199,0.08004395450491177,3110.8626580816626,2.227381105946543,43.492684584053116
1.1879354320550062,0.10846600340420476,0.03113872764644853,403.96443552419413,3.938819775597773,27.37737812991304
0.6350934179477836,0.06065849528078882,0.048405488229659774,323.218996133812,0.2292318511417024,8.66572487487086
0.5776837790722847,0.027229572020383626,0.09667841041766918,230.8372325464678,0.03444988336945322,3.1437461082391716
1.8425398364824177,0.08673142565801249,0.0970591484239466,115.92901060981963,0.17417971267521784,1.5685950048111645
1.2170036221273737,0.06703270622186383,0.04984961574296723,118.32579614122646,0.4892417899223263,5.186951337045537
1.0937194233337044,0.08728086872647196,0.0986835408368021,3007.4448717520772,0.8935171944612726,23.21915134760664
1.8477267431174709,0.09432035962132439,0.10836160878834175,1420.9199336741842,1.4226293259305827,14.223362071976279
1.9708556824610433,0.14274924644388248,0.07481675914271592,1325.0270999540105,3.231911270962872,19.609170694418648
0.6646983392716574,0.06352329309002888,0.03168958928876875,1107.2857547640663,3.0640182985535103,69.22601490843354
1.4921671246929056,0.039809516169855036,0.03473818233625169,2772.0295396196066,105.1193779477109,516.6131916103444
0.6372296171109141,0.07387137964048923,0.0377168396042646,654.5745273069115,0.8139646811134575,23.815489042054736
1.6224842163055724,0.12198533600962994,0.03467858736724362,408.02457180368236,6.524941688475904,27.076194525015943
0.5657567849075107,0.038717968626488845,0.050057660294303516,1538.144909347429,1.092453746171734,53.817635979719526
0.5538181785464654,0.10348018084730425,0.12472930545517824,273.4867182664475,0.004406724156335467,0.5644955337347386
0.8289994250573652,0.0666369207034687,0.02468633815230467,908.5803956435265,9.835168514878722,111.2860106468559
0.7991284812517332,0.04420640430446472,0.08537064352943255,804.6424402376607,0.28436923075618104,11.974806196730853
0.778317625887002,0.051917670986733375,0.07988122749070328,171.50862365056778,0.05820333418473867,2.417627662773741
2.5361395067750037,0.11189516400982082,0.024256089461397252,1010.4247187728195,196.60311854674717,233.54762931798646
0.7819062629517814,0.03967844678088642,0.12833271133499483,342.6189126781627,0.03720054748688357,2.459732455808797
0.8139318135588368,0.11535242995130934,0.06287500014801885,122.72667963921268,0.043962563400081305,1.3143030416861678
1.1192719629235854,0.09567009771242226,0.0918433263235781,1229.908760953045,0.4432017192375531,10.235011721497031
2.0107973093053064,0.11032808961697622,0.03359236177733415,3089.2920121642273,114.39230986295948,299.372105216543
0.562127408775071,0.02884905426893037,0.0808897680049439,1407.9877417797945,0.3119834130664561,25.15742145169255
1.1977719499832589,0.04760028751787517,0.021666049704402807,404.1146408560901,27.32240441102517,129.9753296142183
0.5310390637102721,0.02791595165700994,0.10853341131891275,743.0904098983273,0.059390770948633514,7.200124922342984
0.5594015597340848,0.08305234464528286,0.049340885948853865,1406.2854271983588,0.4700158076722528,23.344394598257825
2.536970644836418,0.058815540162356385,0.07213986108563804,4279.961842327188,60.28495274685866,212.84521746228222
0.6416880682845628,0.07194106224439625,0.031233930656693016,269.7595335943173,0.6193449762091281,14.79864277249975
1.29799740431105,0.029714479634068612,0.07825479788143129,3065.912648193207,8.968522338193214,131.21841092895454
1.0443944650237023,0.030642246169537663,0.09479546191647083,3715.1852417734876,3.088386286901666,84.547465522045
0.931656134605849,0.021744163138441002,0.05189440356124705,1377.2597319267327,6.981025399357559,131.4737349797007
2.507127654992409,0.038270031519217824,0.06943507329319717,3821.1498209950196,89.53000116476716,311.5337819456238
0.5199384172752172,0.06177899885809545,0.05015833769960424,474.22427963097016,0.1628583138886768,9.518309171578966
1.6424750405041653,0.11266151976315453,0.12117547166017996,4160.503548337935,1.7517138642783576,24.78511182376634
2.8095488519367495,0.07667121939622867,0.05453760093577876,1563.172938106235,53.092971007069515,115.55012941382384
1.3641608347616534,0.048087085132977665,0.10905967223124434,117.86002770669482,0.09136565010523869,1.6866560840356144
2.678918951325063,0.13647983448301942,0.1005222359520508,3473.3595238337534,9.175172785053029,40.48254398558823
0.549078626253658,0.0851949023697858,0.04573480832170682,665.4336679930433,0.25745117782400423,12.302212464389797
1.0588990269627916,0.13031113673143574,0.03179567299466021,605.4548177410064,3.26889134275192,29.199133391163652
0.7969152077609144,0.0579030971493683,0.04532906277042405,917.085384130821,1.6392862633137542,36.85682017593515
1.852077910705553,0.03369667874248045,0.10568681651789094,179.39067502818676,0.5457186175734281,5.296410481437767
0.7917520439286894,0.08637712069561417,0.057536564549210086,2582.618222406493,1.4840139482597712,42.90560965666761
1.6144209639959413,0.02553745123599708,0.10148784583759779,106.24395608860804,0.3189889523006082,3.9126108366043986
0.7130499027174129,0.03681092934140814,0.0407703501771805,290.8560280440047,0.8051344947631142,20.33684502845105
1.3768367478257604,0.058475596549198545,0.07294621661955093,100.96486495884106,0.22114408862303406,2.6805490769611904
1.1480998202405854,0.062363299986816355,0.032807464773201796,508.4883938794584,6.656004188184946,52.184017797626964
1.4876345714948431,0.027958482469998706,0.09912081386218133,2275.565694896675,5.240958116714695,73.94240587411534
0.6134141388575168,0.06936058634146437,0.034554557998607495,1081.013418752215,1.6607503225000906,48.04107062073032
0.6556361829914499,0.14115001109212857,0.11202194961854542,270.7717854899762,0.007325588981912748,0.6013542741954386
0.7486876255909625,0.08664665837114686,0.04019868511926003,3716.20484455833,5.277824508897042,119.22738997730977
0.7838988469972564,0.12834081857616278,0.14207062419027666,2076.051915914402,0.05175845602928299,3.7694336544475844
2.2955034686114972,0.09289925739057639,0.14399836480904846,946.0993895378621,0.7858260023608399,6.764545195062577
1.366740987541994,0.0658898614041991,0.03433902414096824,1520.0989545236046,27.706953257733858,160.44080683722117
0.6141543686987126,0.07663387468869769,0.08279489580077064,1623.0656464664635,0.16465614468135095,11.38510313641376
2.3350102010230835,0.07023042656286517,0.04962160581355098,422.5296975021133,11.94061051264135,34.231847303285456
0.5644509713719367,0.05365653654041408,0.08320622282628579,117.06616470138239,0.012973605939917612,1.0672707676147135
1.7773492297050875,0.05802790768245448,0.021296584166576475,453.42811867752454,86.51684860435036,183.72813050489597
1.3241126900862532,0.03923626833356653,0.11547963726610581,490.15184664143527,0.35870898412962093,7.442319720491718
0.578848196241484,0.056945631912979626,0.026445967078336036,192.06717818795525,0.6736729817409628,16.74903414946581
1.136572703482392,0.02977854788445182,0.025848520430667113,109.4514549317062,5.951731311264563,37.51415052175565
1.1916179214984917,0.1012994112060039,0.028494039280757114,168.50419610917064,2.31736006430952,14.648192491785254
0.6729265601041042,0.02908012120738629,0.1384592224876542,1294.7391656937991,0.09735631212454916,9.376941716200571
2.7218626108711335,0.02373453374695927,0.08083429441241048,2307.090515598283,70.68646610686154,242.94618062956715
2.292869843900359,0.04816948405959925,0.10052618099001026,4774.502139884606,22.402549718042124,134.93617111285286
1.6579467305782705,0.07535105466533376,0.044564082407072984,387.6691146105454,5.046257125282806,25.77055387512734
1.1447374031142958,0.048312446851791604,0.03938440020627643,1043.1033011739175,10.098430823271885,95.60419260040649
1.0456488770326655,0.03493066196999424,0.03207878175600152,3910.039892411082,73.84465986081153,682.457741090092
1.6051876946054289,0.06158344460184891,0.052677658991972034,192.2201783909118,1.6821850196261283,10.833259290202022
1.328612993797625,0.04024188333722669,0.06080145110671062,1656.7551335083585,8.182280754905005,88.77729013116382
0.5590207126804692,0.13102264883881617,0.07142852606899056,1917.2830000516738,0.13361314174481081,9.620012120917485
1.2524909061338603,0.12835152030355135,0.03357565073979823,141.63375409494856,1.0910807009338332,7.356016654368506
2.1206743688951377,0.05503463812271483,0.13525721292450765,2905.60699038258,3.8759852231136063,36.72020743364004
1.138487035120309,0.03872117947099952,0.028156526764505124,2406.8059996045167,78.26727753725518,535.56684582372
0.5487822805394997,0.08832141476048615,0.13997023210607595,113.95954490618153,0.001481216624651989,0.21685261023765787
2.0455653961849127,0.02153555508825199,0.020607723231183355,142.80706342387438,123.53339611860184,191.64531686822656
0.7172350146253447,0.05205733867361402,0.05272838278061233,121.18953500672049,0.11160276362357377,3.6033544804345365
0.794723637372989,0.03938524668450684,0.039151398270738574,370.4411465148326,1.498417738566075,29.258932427772912
0.6716398550166232,0.1278071911276244,0.049435678328450396,733.2747300664162,0.274056438532312,9.460588280905494
0.9034981548336809,0.020489595269341705,0.0631533602164237,802.4958989384199,2.1844522651976424,53.23472757078943
1.9401581601646563,0.060922382531085534,0.048105772665638064,284.942871128453,5.844420208150103,23.52745290095876
1.2680335965797538,0.08895205887288629,0.04613668692291089,3538.1461336291777,15.729449573432117,142.17032727735213
0.7217696628353819,0.053143536122427816,0.08754026828683661,422.34507451403516,0.0848457189137988,4.491083326624152
2.410208297684595,0.023755429075080922,0.07965513086683063,119.50562531453039,2.6545360737121824,11.465784799088038
2.41778525442648,0.14190355911174618,0.10719966210853858,323.65092829417006,0.4984219841310157,2.879159408256779
2.379094507416766,0.05679640641624946,0.03309477383928036,798.6177856200892,99.49829679809719,183.257699027389
0.766989775968569,0.0689414774909749,0.06829749633094451,493.8063060440252,0.19322847025989237,7.066547838373214
1.1222832062804329,0.032216477311669635,0.06502963013425014,291.910842158028,0.8871282563782074,14.42790658024068
2.920390566312416,0.052981035335642634,0.042128231819904355,167.15303335667164,20.018781246076514,31.14867271028042
1.9939418013552546,0.047485617758704926,0.053254967301222866,2464.5402442560303,51.888556099675704,218.93606380331727
0.5249408463674117,0.02325779005002787,0.03763644496358951,4925.16615417639,10.944563750140874,470.86549792476325
0.5619647032128929,0.024770045752148192,0.026616597270893227,362.97958520961083,2.627033452964676,69.74460408861304
1.148097537096147,0.10811096819969161,0.030769408894899562,445.00276256690046,4.072982492298668,29.94916232051533
1.3126878998297349,0.02962309470631757,0.07920593428426774,1661.9215351623368,4.864431226017091,70.43319324925594
1.2199539286258336,0.05531697822685348,0.07571936148194315,463.4964588462389,0.667479803768376,10.697166770635826
0.6040105103795158,0.09413060102294685,0.13579031887417053,3447.0541465736696,0.061388218938367926,7.197396090055923
1.6219754035089038,0.022658804611185353,0.08700481946209461,894.1903526921267,4.87008502819655,50.73432417976189
2.1811754792140534,0.06393994561739817,0.02221126497023714,582.3703154919896,164.29320618675044,241.6140796346392
0.9885401403866879,0.025430004462447007,0.1187951457499849,1255.0979211379197,0.5416998469271022,20.743371419902793
2.0068427134928952,0.0215246277214753,0.11374272106203304,4157.049139134409,20.205024101018,179.74915951872669
0.720329381045552,0.10739268338111847,0.06511725082138577,116.94485198957133,0.02807710515065945,1.1099327870451623
1.2770256227646066,0.025366651724626696,0.14294149975534473,366.93114026140677,0.19646534316491024,5.424448832510119
0.8363860207284277,0.021904846070251904,0.058455977180569246,630.1461764603469,1.6050010406384045,42.247524454489266
2.069810862776272,0.04833027031027043,0.12394872352368823,342.2598226861655,0.6281208408105631,5.7244595639705524
1.407424167475975,0.10954082047217086,0.02364253256946428,1547.3824370417444,56.76170013263958,213.40762685411636
2.0886607488580564,0.046779370310433145,0.04860909923371547,1747.9676046938575,56.4638777406713,198.1814570581908
1.0164708363029622,0.021675277058942215,0.06497226801644157,4795.651093854148,16.137055942822546,319.648771761929
2.576608797376758,0.04943120614755038,0.10358082623271177,290.4358874303473,1.7226502462443383,8.466230039975278
1.2994126305359615,0.06404376094306578,0.14649401793913888,3066.0618130221565,0.6363944075010188,17.39252479832943
0.663563894261654,0.06318422215936438,0.04378233074494854,2006.63744780318,2.1059719157301973,65.9624096172581
1.739741700200801,0.03907722512738954,0.022005010601362986,412.4115743705521,99.34302918439518,227.5097366865662
2.0713205602009364,0.03776946728166739,0.10048567253707992,1767.0774268722912,7.805216139854294,57.584420294011146
0.881979517366353,0.024793177770076367,0.06759275548953006,150.25257656812425,0.256451636510008,7.019386902793832
2.5356336760745948,0.024439590586763146,0.05420448344710562,802.4421376615832,64.01981272975249,170.01496139109963
0.8211898587421904,0.09372348124252299,0.08924768031551138,313.75614185481083,0.04967346350861104,2.070831575414671
2.912718190755524,0.14014551487211277,0.09444685641935968,1300.6066351193217,5.1848994736361895,18.18199213380496
0.6433759993295477,0.1412227211032287,0.05473015958486732,1230.5326232891337,0.2696147683634736,11.229262493430877
0.7180732513439398,0.11429315064840201,0.0369923062644763,226.93987364541843,0.27663257822391685,6.251551130977612
0.6955442958792996,0.06710578064550785,0.1422703532100274,112.62746157104361,0.003735564250436685,0.3460442102541052
2.481014000395531,0.08209759183434018,0.07612247848144618,545.3957738258813,4.380976580077089,17.066166383395583
1.614762191058527,0.03553060034901562,0.04552635023552085,928.0760879289609,22.20030519339317,122.09986665674948
0.6566442452527516,0.07128411406287888,0.035192692835544,3085.503714612531,5.355585343491072,137.69231828990678
1.1005460589137728,0.050090027031556496,0.08725491416769085,3775.8305268069034,2.8810905347960776,65.37939678238767
1.5057918142258822,0.05282319890539337,0.032580320146737535,791.4513127602595,28.17532637472569,127.52783680330815
0.5806543533529497,0.0920727065893725,0.028267457999249453,1908.4883274154029,3.4220952020713638,90.37618897366528
2.430095855629914,0.035296027415194234,0.05816571994410408,557.6517667799408,21.945568793413557,68.08911567558444
2.110061435832873,0.03796069368994591,0.03587457211540199,1851.7024653493236,189.0614013145954,479.85492401887615
1.2362243307212653,0.12886892614602122,0.07101670632361601,222.81870596896675,0.17372183831773333,2.5429096080579536
1.0569421868966138,0.05320957111304184,0.07484169005731592,1195.4580639527042,1.2053362668181675,25.436649074334863
2.915792936920883,0.12583070135891022,0.0353941765909002,107.36181353521776,9.086121019012355,11.915369783859697
0.6731440534918125,0.03308045334765473,0.13122018560582158,476.57330254409476,0.03704427088613011,3.3792181222946382
2.427969306292624,0.03994082937710557,0.11482023779813613,576.8205581652436,2.6009894996535623,15.958101031183986
1.0755277977790305,0.11133316587682868,0.03202227703152252,2794.4924704567343,18.114542455684536,157.9599014306523
0.6686704510661147,0.06171349190133732,0.09597388998270628,2078.8059880257565,0.21699595452987155,14.67205766357333
0.5114233607051808,0.05642362053008252,0.06816593919872456,308.71472058109526,0.04401254700769109,3.613211260475075
1.3631529553626505,0.024443778834569503,0.14145916789302568,355.16134105179634,0.2476501009052195,5.938694479086479
1.2863723002510092,0.020656446593844836,0.04245783413521915,1423.6189273838959,36.509456380683375,295.0804226532435
1.8144120648787623,0.13941630695714968,0.07894957204429805,905.4337224834029,1.5015583808631852,11.343072455380735
2.464480700152024,0.04274801838421951,0.02273147646859658,188.63539035293758,107.11276072987474,126.27825417976659
0.5764482664424674,0.06743391588589151,0.044439657136270204,336.17206293687866,0.20724919368717212,8.730787701823282
1.8543209840511747,0.023484729825953482,0.1394535248190791,3380.995492893702,6.447123226012332,82.36376578568914
0.6995275816888231,0.07921307006140543,0.05924767066064518,1476.3445519415052,0.5842951263879378,22.284577897107553
2.3268133736801375,0.13094321445537874,0.03572252900720291,4733.046713184175,190.26396835889895,395.44510078235186
1.3176174595720185,0.025786276132309216,0.08253922634782024,3984.6144453336397,11.973612913342363,179.3153547443905
1.78503331571656,0.06457612344641611,0.07333622313362693,232.96887489014966,0.990945997194757,7.184332584434188
0.878176756324696,0.09367652160750888,0.042486335946382396,2045.1711657586388,3.6722951491946683,63.72847640465437
1.1630808201580334,0.045359615406701186,0.13588200186611543,108.23032443202516,0.02850126696100952,0.9018137821381631
1.1385386855670294,0.07390389372315143,0.03688136388189104,627.0418306979244,4.754363100839359,42.61027037030833
0.9492730948504658,0.12244128821724692,0.12794467752153857,388.2710059316167,0.0246691741515644,1.1033290293619753
1.2121100109168392,0.07024822271831441,0.038182834562656115,2918.764975335615,25.317807805370776,207.26250463805755
0.9116173151758566,0.03732752677420628,0.05868209126835619,109.11637449549254,0.20874801656897382,4.643156937195394
0.6826259678530304,0.030033983513138997,0.10517366200584853,1085.252813793033,0.18818547856136963,13.379443401758243
1.7907073020065203,0.12482709365309283,0.02462009534976749,421.634282719472,24.75553835832977,59.87195654566138
2.196372428792941,0.09256070189131131,0.13373062959809479,508.3883308296641,0.4634841779818841,4.047290610979748
0.598799162267706,0.07814838491354804,0.0992584469145409,2591.8642910807926,0.13869923750899446,12.094550570275143
0.7684725253839849,0.03667701336724296,0.028816091419056885,336.05354258552023,3.310053600854325,50.87728917734651
0.6448306701572686,0.028978803260267805,0.08396157596664942,4001.3969972617238,1.1914263583922806,75.78215797275082
0.9326550557886155,0.0918271362351841,0.04344026459188305,201.92611179819988,0.41452230063519574,6.520919183731312
1.1204982476638659,0.051993283715371444,0.0449844572452572,1336.4278534520515,7.5663261628314356,85.39564711641394
1.9128026058846548,0.031521703992026064,0.09692968771776594,1386.3929734783153,6.438095023690765,53.725991647195066
1.6056885545201025,0.06928065786090813,0.1391636099967773,268.2081771414788,0.11326809201537427,1.9258444283132778
1.5210599995480554,0.02169324830377125,0.025814376729947474,356.23906604009727,63.989948122261886,224.90093688338874
0.9400934128780012,0.03858770505373918,0.046677460721608784,2619.977722503036,10.56527260661457,175.77473988413666
2.2581015554068924,0.05140981858391321,0.05270882887695023,1969.174836037301,57.36661331837452,186.79540663605655
1.1633293975566577,0.026946514795630757,0.042689973934881074,362.3464653711735,5.183135508773937,51.50194145232191
2.8897597393535985,0.14543300802562267,0.041576002421875674,807.5625242382524,35.51492383414695,55.69814074899392
1.557501602494658,0.03047916041663373,0.022221239588209377,127.28961507937467,27.391217143971037,79.03749405994311
0.6269358010683322,0.026007401979279806,0.0796009566364518,226.28355482901503,0.08096756346209227,5.165278819199818
1.679339177265553,0.03013946087665798,0.04816641626465844,668.9513846211045,17.917690452778796,96.39623645946673
0.8952618958722802,0.09419017471361224,0.029613279571146484,139.98026050324125,0.7821547241486142,9.103104585116897
1.710158528753794,0.0471382565202476,0.1035402723863865,2708.9212165505824,4.932246327929789,55.003696098072815
0.5664496996516353,0.062489001073035184,0.10076734543886878,1659.0940808729624,0.08983234301766221,8.88669749842655
0.6839970258731504,0.020864803314528703,0.0532908280183571,4010.5626182486403,7.741710702777883,277.77396216665585
0.7511904545923369,0.04910827334653382,0.07234361764192782,3960.1690336946426,1.7196864537211507,69.44802908876174
2.2403434538551976,0.10367006349660889,0.035742157781011814,875.1856722024896,39.59943923599752,88.82825942590074
0.8246867971535412,0.11903323789613718,0.032177432900128776,1046.5341780578055,2.8192838974217023,42.01677107050671
1.5820833736565207,0.023817904755759633,0.08715154122093974,4569.245753747102,21.859717419408682,239.7570774395621
1.2528322995773749,0.12593948664773819,0.02420796114734751,112.79905390136413,2.3647673389169035,11.488710948742675
0.8640679352287739,0.043704879210295866,0.020275429548603983,1697.1460065306323,57.24841339098253,489.72051124699755
0.731879346626741,0.10640227657259983,0.027218529199725686,3454.3325727185456,12.022047466732577,192.43083413512278
0.5306355498167468,0.026183149406621604,0.02298266992716951,2247.330678609189,20.12210356209887,517.3586674136707
0.8619583408219798,0.1316914196867064,0.14873667673658914,981.5563064585007,0.027631409754311508,1.7424451568843584
1.6114967964194165,0.09090158027117355,0.03578956442400854,1382.0524734729026,26.437044181128172,114.76804148572
2.381764739658038,0.07818285525024238,0.03250247894733028,142.57131946164668,13.668110030570972,24.668218277193226
1.9728054911214827,0.04159400115302076,0.13188555187627782,1360.2819941204011,2.084971331239628,22.255600984476168
2.053531127779054,0.13243293308564033,0.05704296056609578,303.02899282824205,2.0334176058274105,8.664362422469598
1.645996238700062,0.0348471935133529,0.041712688277121636,1223.191301087516,41.08177966290981,199.2371431424308
0.7970995207420267,0.03905721770486953,0.11622539430960674,1077.2939710005298,0.16947599124293392,9.765504146256564
2.5404166579583274,0.08208811732413095,0.044327238948099534,182.27141064739712,7.961259294915897,17.22475684752628
1.6630342421939943,0.09348213954492403,0.039281043667086325,224.52068037409296,3.4715459875166315,15.531525412978183
1.3648269266561153,0.13011128991026855,0.030367909865406106,1137.9678877562224,15.123202317828941,77.662980480208
0.6100095000326131,0.030216534246734015,0.04281789981780673,165.1424921194631,0.3010153141599687,10.910667205108185
1.1139016178931476,0.09984519386010315,0.037857175494559525,282.18527820156515,1.371335642144352,13.179801106779529
1.140770727933159,0.0885733433619761,0.07829111063367178,2624.563784597588,1.7460333487802786,33.088631426220694
2.353592427744891,0.02274333459523121,0.03584533166051545,359.51635948641916,85.23170542816267,173.73279999007792
1.3315117412538358,0.04363891728048098,0.06399044568714572,674.8380562004761,2.653724853022245,30.171130253599625
2.877851640417119,0.03693837373530745,0.029404901354237522,243.17531574464675,117.55157100701605,131.4685628576654
0.6097156920748527,0.14493348458908642,0.04545007114226128,459.1588044447334,0.14568448210673846,5.610527179830015
1.066047588721861,0.07302971590501768,0.1321046161594283,1072.3920099778172,0.14698413161436133,5.382026277712435
0.5391027632418522,0.08492598663182366,0.04277092028511746,1919.9865410032155,0.8623174384307675,39.974514862083325
1.882466780668657,0.1430969111243111,0.0762316877679062,3403.157573538003,6.821311046697095,46.22312466532186
0.8258124052026623,0.10062114766805169,0.025834029855929728,2086.8353772421888,12.903494962480526,153.97395404531676
2.327499805674429,0.048003312744428574,0.0225036573720071,244.3021237887934,107.2522394616818,140.34298939780308
0.8440340859130516,0.1153254689024064,0.037007139529337756,110.19206138374082,0.21591816450477228,3.5331760634104543
2.556742227880237,0.028781698005813063,0.02747850197728119,448.7664652179543,239.23590231999822,316.77877352241904
1.9304848705853186,0.1349936869817643,0.02839878750777571,173.9751629648011,7.711063901715212,18.509379050518657
2.114994387206264,0.03107911498289747,0.0926277249112531,1610.3760554836085,11.749084404748878,76.63676013398404
0.5163947616417313,0.03859161243514746,0.020648536609758468,1328.1313738594606,10.25336595356251,250.09363203512484
2.8066101247250046,0.09177925485952951,0.06153865911299333,118.76992990333444,2.3383248497456948,5.754389471149601
1.8383573907627857,0.044217060450227136,0.04296174873486209,2638.443123261999,89.05176874136002,356.59492946684077
0.8632020245464693,0.06811648223332353,0.05549990996092553,264.61066742740655,0.27839174197555927,6.531821084716634
2.2098586714797404,0.04898454125347047,0.06216428374927294,542.426422168908,9.47530470800335,37.99405728136198
0.8280109438189616,0.08925841502022132,0.03760502885725926,1363.9529247927032,3.107143843412265,53.684101080998964
2.3883858848296398,0.03168354952115725,0.03624668784481825,536.4998911154042,92.27520303395727,184.69489821651953
0.6117508421780792,0.02250009313673824,0.08766001578401829,561.9979614400887,0.1617000726986132,11.930898791786033
1.7641850097901983,0.03660046416650667,0.11573127497993202,129.2706687472121,0.23830561134605735,2.791305073942281
1.3173925405615095,0.05200907564913946,0.029481577787484926,480.8842449114603,15.714318212200551,84.08652777250335
0.5944131697306864,0.028058072612293036,0.02434738883357729,1992.7537196903195,19.68541543988511,427.2978266438013
0.7712585459085722,0.040878914988370756,0.12208331917414521,3588.038922500863,0.4215309477040394,27.251873758813556
0.5112369328837179,0.04477541718550795,0.040477153350247645,504.1029428284932,0.43207293595571794,21.078181438351095
1.1580901900354674,0.022451810857874926,0.06073883924906224,524.3962944048927,3.083731946926063,43.99151273133529
0.8578274586651694,0.06478277886775122,0.041271692009685404,1562.2206633364196,4.12445443883037,72.8667586030333
1.4607726497786762,0.11881866623426501,0.025770019492039806,3997.0662886928185,116.7081056899566,443.9776038771245
0.8516594624717977,0.027152782497082143,0.06557394158262278,284.2683618426224,0.43687675976688956,12.441387978865157
0.8557608929598577,0.0667035013442807,0.057618296336523864,559.4893247962082,0.5234316017171845,12.972570332615698
1.8935933563457001,0.07633391274488896,0.030106605789412298,2250.788383450477,139.74382070510998,369.59962374971025
0.5450450657323942,0.046555771814202965,0.04970992326804283,1086.0531665910764,0.5857148170178113,30.87272983875421
2.5209188971752896,0.0821359597560384,0.09963407321191378,154.1284749686673,0.5789528643493884,2.8591958084036744
2.302290936768133,0.04575570581286227,0.06571870657372854,1165.4646046430423,20.859702747967315,81.46804017513668
1.6543334595070522,0.05528642888049814,0.024313002477112274,207.62341781582933,22.53470472948014,63.06013742200568
1.447391810026649,0.02029851935554003,0.060336814730175485,735.9385753482322,9.532989147815579,86.48679631732784
2.4735250275239973,0.08059859526556869,0.08240794032525084,792.3746646024734,5.06390503730255,21.48486100159528
0.6969231890935612,0.07581329211352869,0.09878569039995062,3080.6561729592204,0.2717760600869647,17.41189185484725
0.5759966487603739,0.021608922698154093,0.07104711034707595,610.6099806455552,0.2868085492951375,19.346800447920653
0.7679715693093732,0.042002138231422896,0.027202902315834693,298.37627878084595,3.04455126789506,44.234263672063165
2.076213857782338,0.1437946854637852,0.08365176554239441,246.8339525523521,0.49991213688630526,3.0558721125506056
0.5320454282429025,0.04668746178317026,0.07829708746381159,3057.2271992565807,0.39136093519198323,34.09857286070157
1.420632911918874,0.05498737351936127,0.021008982277487678,195.22809299396937,20.90983490678464,68.56499186077068
2.975575349534344,0.12510498911746235,0.04584948162192857,529.1001817678078,22.01980886864196,35.918370355559034
2.3164929867613666,0.08485512527089135,0.039118469916929355,207.97039078642163,9.694189754987196,22.26086060703252
1.2727221992075963,0.06462149781379063,0.07705601799718516,2059.7777777911656,2.7356794985238206,40.99350884237329
0.5603924266957157,0.0998063028158683,0.03091448902923417,639.6536555791348,0.7271402232598833,22.54790937855045
2.2177079028195457,0.11413095015052416,0.06577776714550171,394.98681383878306,2.526361604082509,10.643304932776086
1.4623989933030765,0.05021518290856295,0.1259334665697713,410.67423612196734,0.24393676995769364,4.524777437155437
0.6143350013911065,0.052092946365761957,0.09980583845036141,2804.699741619005,0.2391641530117876,19.922877655365294
0.5915686734937705,0.04353596899546343,0.12804480600207585,872.6605381187097,0.03765021175832278,4.3393992309575875
2.551509861840789,0.1402675113969536,0.1436424034889646,1658.196316791586,1.2620115066102502,8.771260900754221
2.209431615338641,0.02365131417471691,0.07014016185744502,3404.3331927426407,85.69567026907137,387.86006793528907
2.4151746112176937,0.11380793253261723,0.04595044913107618,361.5155891019511,8.7856017766749,21.800916891724384
1.3928212208535333,0.05266831018396438,0.11309811127234722,4151.319186450189,2.804125887254213,51.49590119371263
1.2636346611103975,0.022971739137805296,0.03321875005670173,110.22075393542467,5.030659546564637,32.96671760669446
1.0812039704740941,0.060543325422348804,0.1443746351846059,436.7493976927231,0.05771077891723369,2.2451384408643347
0.8822717792991686,0.04635262104204499,0.0688750721566195,3326.100663066462,2.872914835633509,80.07382909639075
1.08930975961689,0.1172504447728289,0.09895183159822848,292.8193827963522,0.06346125998608178,1.6670180118363818
2.0006237774094715,0.030167392319571006,0.02376483747237861,291.04302311539954,109.63566393589899,205.05312914474692
1.4701358723828555,0.1057394777285656,0.028944555470907084,326.69778124952614,7.711191575647763,32.52999383996833
2.474503762018426,0.061523603747110495,0.09218912054205923,1097.241118315632,6.569409644435513,31.15590225408605
1.1065899379406103,0.02232633087062372,0.02090593276874789,555.5385970058381,70.28927765425247,378.0034377705133
1.4838073537395757,0.1417275151427836,0.10371660157397622,1716.7248277327624,0.6755771235366538,10.024869518043742
1.4434438385449182,0.035938923411703794,0.07517081124235497,1397.7983225946136,5.24532146976205,59.6117839565289
1.7608621301059542,0.05149792611984882,0.041735876899456466,222.527057119719,6.181319802442039,26.209009179114737
0.7651192956495602,0.11264401234760978,0.06856862710847342,3842.3646286354906,0.902697547510317,33.30580700255656
1.25217929531729,0.036969102634446395,0.08130179198027399,281.4268036739012,0.5297444888387112,8.65254929254798
0.602660413127519,0.029487207547033406,0.03987647803606991,179.74876352074313,0.4008118708264999,13.861894622586645
0.9958134200360831,0.025940314912782154,0.02486015041029365,142.18432093385695,6.710267435048839,52.99052049847808
1.1979777267270586,0.03644812712364931,0.02301306142645038,906.0915417140266,66.79755963940222,337.402316314847
1.6087891455669558,0.09629857491452372,0.0655216907507776,156.05547552380764,0.4569218675314029,3.643672523982323
2.745534664819212,0.05172874697686382,0.05709989732243773,172.09809555500755,7.044653145538037,16.809377595548405
1.4667881166432122,0.03162935496448485,0.08922803899328183,323.40206370746944,0.8651496801920532,11.302340531255105
1.894953424268245,0.027954520764774407,0.0558572814617052,300.9677871003763,8.006909044799198,39.23360036140899
1.2385728947339758,0.039101072676562765,0.04684852720991995,1063.1261567294741,9.570039180235785,92.06129270668268
1.5573952623551839,0.13289890568510657,0.044604704316913865,2441.3257450311735,14.893596236791833,86.27661472206059
0.5677615750459147,0.03992081363517875,0.021094666108993524,1965.668276344333,18.286541047636558,376.9491606500712
0.7887241360748352,0.14645327840661024,0.03932449050360447,279.22430277027144,0.29300895490166584,5.834508670992937
0.9561949402332368,0.05316629189498015,0.14292474558089127,261.0809461074032,0.028008931632785332,1.3791821972217764
1.1658463015885892,0.02869520953534743,0.11626383436828679,4373.718625158183,2.9273328666151937,78.87596866062121
0.5426147970175076,0.1204570353495835,0.038837921816473046,103.27450627348665,0.044535732784748885,1.8505118649153358
0.6425840344490019,0.05056722835015266,0.06537127950335274,3123.3366537595443,1.117427051451598,55.725870096071354
0.8210571814989547,0.08356720907270222,0.11027233131532677,218.44029933969554,0.02055218993514797,1.0589815818597326
2.8508172798374574,0.14515697076880726,0.04865999660373222,4068.2501629576986,107.35008074178029,202.46326603805656
0.9053324605824452,0.02212771153127202,0.020736918776460393,381.5661228974175,27.331634321845808,217.82323189232525
1.1859622256637303,0.024302091926220303,0.02323973730002605,559.9438192561121,58.32576158148545,303.57113450404245
0.7104993495929773,0.08540312888297667,0.05593129762622102,1589.925271973482,0.7268921779615667,25.369276104298237
1.4936515034428497,0.035289389003799715,0.14104212432469765,996.3962650430484,0.638748609769191,12.720108082343248
0.8267686482298802,0.028993791328909096,0.08084083924514676,346.87211180273846,0.2437612285066318,9.081090386279467
0.7245052520198337,0.021650805170861657,0.023072040624899117,872.8550190848528,23.77800144803914,329.22198913146315
0.504956943984303,0.09522529922426289,0.09462044797308954,118.01190017155015,0.00358775022847719,0.419381295311325
0.5069134107317095,0.02622210067551192,0.10897862776944915,104.47858537807424,0.007637968050079283,1.0203805328093463
0.7403527127867267,0.05132325459675064,0.06943054921241304,600.1253737676831,0.27004286783116627,10.774981218419583
0.5340043299276113,0.06779955263332695,0.07327228725961742,167.48906537539517,0.01821442295268176,1.4742670613517872
0.6067787737985079,0.047409356814741815,0.021175174639157274,1344.934158060621,12.71416357170763,230.33746829855903
0.9176030370853117,0.021122726564913978,0.10618049151259569,231.03017255612826,0.13445896218023895,5.341157139863887
2.1062167121939095,0.0969709857439759,0.09790820651573279,543.752224646152,1.0632901987649834,7.392227954410047
1.3935109043420832,0.0204281816599275,0.03370556535653726,216.68906342751836,14.278225737785393,78.06667292824226
1.252861420947246,0.09283897334842302,0.08339990224156092,854.7855267287647,0.5945385391577437,9.950617547121617
0.8459577999598572,0.1209835028660564,0.030834786023531957,157.46039856384306,0.5119283354984453,6.94805525030747
2.6546992441087585,0.04784003005601504,0.021693086967730566,109.46060640569956,79.87097923214304,77.44444429182182
1.018375060444724,0.05883861871745091,0.029994166140263984,122.14371345098832,1.5476125194962937,14.099186998356494
0.5844419077473001,0.052290125699442004,0.028664291138276763,4180.77185308303,12.90856332910664,341.2298147129767
1.5105708002943072,0.043813846380767484,0.039498461917723576,174.47773607668012,4.242794878387203,23.13452586887323
0.613131307602464,0.11955860270558008,0.046472810881526376,1598.3920131518548,0.5847992680132005,22.772427617776007
0.9281236185266227,0.12113693553766189,0.055722767858574634,130.43813585068065,0.0947737640023381,1.9311664793346166
1.2411184705397613,0.03934503065097857,0.05226594947480325,152.67263250211445,0.9896808948514901,10.577867114192937
2.3946792720465027,0.06906431547327448,0.034505383477760665,732.0917066460207,67.48915057250305,127.91947376399634
1.2106647371060368,0.12945859758913886,0.02121075452096131,616.3136212054205,16.862225402133877,76.86591051639608
1.759679364735197,0.13896010103457718,0.06769100868423815,4137.1989182284515,9.96241535340731,68.60236714933724
0.63283199368741,0.049805745133234026,0.036507864591035305,2111.2112857784987,4.20531897296695,120.75887893990934
0.817998833667403,0.03506748305940854,0.11472459147697439,1054.2726712890983,0.2075761933376267,11.210868233224122
1.0139344308508154,0.13807073235702072,0.09004842849571532,592.8760849555409,0.11676271890985898,3.221596533217781
1.0646727263401974,0.026668664101663807,0.11262307998066033,402.8437647751712,0.2430761044073003,7.60760514915374
1.044255011058932,0.0643304215114436,0.05422134237727082,4065.1196588127696,8.598180169197459,134.6710432323543
1.7971958184373862,0.03508967475008587,0.08133292760593382,963.4448395205166,5.642547082648076,44.75703947103051
1.4859774083422683,0.04522747261791067,0.030294038839936057,247.73824110343364,12.313925274639974,53.2157064518596
0.8703797365161224,0.14963562568948502,0.048655617352462294,120.04337356582916,0.08747243920884848,1.769690156283336
2.7679072647613343,0.06416371927077576,0.10549342898510315,341.21396238920937,1.8296007951298794,7.935772918551432
0.5014041138760991,0.027305189088720885,0.12339445414368444,156.59209175556308,0.007328955570344527,1.1331111107652512
1.563819147265038,0.04849249155456335,0.1140997566965952,2641.8571596757733,2.6716585590226836,39.26478046342735
0.5479754037833355,0.055938894988741564,0.050999788666136935,111.41551066777909,0.047059849647925915,2.517719449602651
0.7932816071471093,0.033689084366844584,0.08961852194929522,2611.7120252135005,1.0241547929451909,45.94298012952339
0.5562745926024419,0.037839847060160386,0.06967586749274779,173.1171240978865,0.04434573651886625,3.1453310481865584
1.475075300594119,0.023830407359330084,0.10087194196364509,3208.0847609765424,8.018377378646818,117.0951873275359
1.7109637331845822,0.03684392442507354,0.04774038452349306,1737.2480017895737,41.342935376248754,212.38124728897498
0.6138449722266012,0.14022577365123304,0.09742278952985445,190.44511469676453,0.006471085165341969,0.5270245230862844
0.9946143278088402,0.13418588369116496,0.05078179433550531,914.761331115197,0.975622191762709,15.775780106351691
1.1323769336014715,0.03927073369906761,0.13317806690937817,339.776782701039,0.1013071979608153,3.3143741685293087
0.9686102815889924,0.06317746013143907,0.053288731303055975,200.8226477905309,0.3636070582332154,6.5054911463881835
0.6210774479514369,0.12502063136148175,0.05079841950196126,2882.2044545428053,0.8025469942704162,33.291986280182094
1.059192144387622,0.02025075499318552,0.09727829961330296,484.81168237764024,0.5886388132311478,16.07777390808631
1.9208795875998788,0.1024301443939058,0.10470340578060526,475.4598139925365,0.5459397625308591,4.879954872697245
0.5678383333007573,0.13517969265327545,0.06112824686667579,194.37140083300122,0.021953810271400767,1.3110310770431428
0.5772476619469377,0.024040616918763375,0.028731883544830184,447.52478579189204,2.8754540834949798,78.10102312326957
0.9441385457851906,0.027688957951271867,0.05132714456184208,3025.874261409731,12.95540026785335,234.9833202965835
2.70255813171793,0.13859318301951354,0.14065421236668452,413.9470451403163,0.40356223444340406,2.448069404329455
1.6566113989227051,0.05907592804982287,0.09118828440301432,4137.575281873952,7.9987266117244324,83.71998877579061
1.6868554930879012,0.020580357782843433,0.10252905832563752,4052.755786970457,16.704402420065655,189.5975438154274
0.9563095608993416,0.03361040750066228,0.021367529790966372,176.27002894746064,8.955254513766087,65.90916501285939
1.4485313246872993,0.04951745045592988,0.05133761493052774,200.09972932497183,1.7290419554212522,13.325882846789211
0.5091592028272229,0.08079188532506314,0.07359750670770897,2921.846315613947,0.2280876711586211,20.397092755858527
1.5629638677550493,0.08761737596206089,0.10650241223054115,464.8245099764284,0.31938017577094924,4.386115637135094
2.5682978283690754,0.14862258213604426,0.02208754570671063,101.72583530980411,20.496557673627944,21.619625902506364
1.498458828034628,0.03569602926865734,0.11142079269693504,291.944304252489,0.3789278333323951,5.923026489605089
2.392432300839051,0.05915692048758458,0.06038296190394205,1035.985634157539,20.747444285654527,68.94618786906955
1.8294921177264971,0.058576143200028706,0.029764035101535333,2279.968787767753,172.17299291194388,482.2878325267933
0.6205584401784954,0.04528917910421297,0.03790074494595401,168.5090613187916,0.31108160351399977,9.644223253772648
2.518924635003109,0.028122700141032866,0.03529682367308676,154.1013567504066,37.934012938028815,66.47289900375284
0.5632139004401868,0.14333900014910697,0.05828598938765751,3686.4450069344884,0.4419892040809351,25.582304173292584
1.3015997627373332,0.11161814769138532,0.022195152432225862,1888.767693539469,65.00434961767503,268.26016151210405
0.6450214911853924,0.05458859605640364,0.02752699771510862,1004.6570840468122,4.510270995784861,93.99909397303753
0.5105984805814884,0.06743831295249708,0.10284571384915075,2026.8671496486359,0.07005501762121116,8.705164075857882
1.0650659278846053,0.0316153024087977,0.026125620339238795,535.3165817088242,21.851622692600667,158.52869153063634
0.8483133467105355,0.05982421333177087,0.032008552152797964,1943.5403625768367,11.51935265060147,161.39573646016527
1.1944057797258283,0.0811281249094231,0.04986054836905293,428.2349704603436,1.3820887279616314,15.215973274805018
1.4064322550080355,0.05647193985965273,0.05669469892626742,259.84200392134704,1.3379702004106373,12.079857526721545
0.5407613183262481,0.14709238444126832,0.09316138720280044,1732.0959073570934,0.04386634584676363,4.402169114998973
0.6232828429011307,0.06854746488296591,0.049257602994693506,516.4290166472758,0.29073387000648476,11.612055762687401
1.3604365259263351,0.042233271205558774,0.0982222614125574,4648.686544406801,5.57084792227869,93.12905974451719
0.9247111819243481,0.09477860767075207,0.06952178212660098,392.4323867136917,0.18558841073378832,4.753024843007265
2.274982691057912,0.04023836568086019,0.04824599634524532,257.5733358145485,12.783557151036568,37.53767391266842
1.7291559495123794,0.047740576362175935,0.044497184188636275,2270.669070545466,53.16328209258171,249.22209437249703
1.0802428732246852,0.0966351750814567,0.08946986532928147,544.2276388941247,0.1888077996682029,4.559995865943664
1.6697052896462392,0.05305313606201735,0.06444816715104493,3621.1539580423646,22.60811646795536,164.62881816361846
0.818951550366433,0.09904699037230283,0.043719000027024,581.7650638296132,0.7353786532918645,15.09994529072633
0.8656219019637297,0.06389885903837601,0.02821341811523122,1838.864335782785,15.831237967016556,187.76933276763813
2.055510942386256,0.039843887695770824,0.03158830749694699,621.389086114014,81.85079813257309,192.76147608204434
1.1126329295996418,0.10228478071511835,0.06377179538450731,243.7960421691589,0.24111605249005372,3.9125644463452875
2.09040610269145,0.03232570876111425,0.04694235692307199,218.11718768723665,11.349581562982568,38.405547977411466
2.182423365986756,0.03143249458813096,0.0564446925903125,528.1956715680334,18.501389958303502,69.0653182538392
2.5837521989602528,0.0338289927049789,0.07605251463741695,1066.591955495632,23.548420195115636,84.50534718126319
1.0822851326261658,0.020369562813286602,0.11144321265672824,1478.9738923010539,1.266728973179137,37.96334712472679
0.8853125438644719,0.07384652252533255,0.033631238923230354,301.7616191413591,1.4198285445068368,19.19093293607494
1.419085906653554,0.056010364738166084,0.05384371974487308,657.5733619911508,4.093901631823759,34.47987146482282
0.9722955313362653,0.049077832863461714,0.1427828915163774,118.96692149974636,0.014579676710451715,0.6936462472772249
1.467900501334446,0.14034168473617575,0.03914145216761222,2448.8548960219437,17.53057322217616,100.3114174884702
1.7702007711575873,0.06322142422764683,0.06633336087806527,4806.147456431645,27.519787955329896,183.5027545768781
1.7165372417113207,0.11391620880659423,0.0239859408870042,491.21918790910235,30.103702266448977,77.19350530145968
0.978202574979842,0.02648850792429949,0.0678157000666114,104.38231340447724,0.22527125362115266,5.029084995751961
0.6742368406788339,0.06296809033304487,0.0239587021477036,194.29991094851678,1.3099066506819272,21.74649310700924
1.0814014495575865,0.11496492079020805,0.13817191208299712,1284.1731708354769,0.10200007330562909,3.796268405133969
0.64554989652912,0.06475648339327257,0.08458213828211984,1096.236862905902,0.14335581340920006,9.165262152276723
2.463769787139811,0.0849838475708411,0.09788543961329653,2180.5122258559873,7.7930761854757495,39.585608109036194
0.9292123705178078,0.04232440974359908,0.08263507910296616,269.98604637711725,0.17275980804689067,5.208201136740485
0.6594214192994876,0.024095114080152354,0.06562646796459694,1983.2968352110518,1.5905652313306833,75.6162211517032
0.523325877733661,0.05031770289011458,0.049514368250586534,1475.2452196347642,0.6593363368087309,37.54951967013054
1.5904407761333113,0.04428163315872001,0.1127610963642379,353.5510640033005,0.4267208379554267,5.992095015668668
1.565223425520033,0.11475213495285977,0.1375054221639936,844.8274204762216,0.2068318751879752,3.6567491479550878
0.9204740776854963,0.03269947900678654,0.05466599025515771,177.91549901334986,0.49476238570255965,10.055445661835574
0.5685552842706604,0.14027544986812238,0.130671306293202,587.3453250640522,0.006569464130265923,0.8365180791527216
1.041653412811148,0.13786675362177156,0.06478612861576198,3141.4333343353223,1.8039837942578858,33.92959941854211
0.8732614470766001,0.032939943817945676,0.059176481911082185,519.5071395447089,0.9653722203500724,23.59749588713339
1.6821792702910254,0.04032708025667045,0.049972402596065515,2669.3077718784425,48.09154260827825,267.5253483746671
1.4803277647249393,0.12153353596946768,0.030490855421858875,1006.5208195023076,18.052283849514676,79.12187065374565
0.9609019391539576,0.14024379572379708,0.020150458235937186,211.832591894461,3.1198394713841933,21.44715000218854
0.7387940138660543,0.04887270502949905,0.032535893637423124,971.1405289699806,4.4313727537592,83.20795352562779
2.9363743843756382,0.038187574598176614,0.05585589282895641,723.8532004473047,52.45614914596714,107.04172612633283
1.1278515313428434,0.05772906021352556,0.04300492865664858,475.641424363932,2.8309160200023795,30.147541682877442
1.7161350506688562,0.07995952146194676,0.04937215069559123,159.6792662659038,1.597450043481395,8.435619113047487
0.6431932407393799,0.034700597319544016,0.1442637661248774,510.47622550420465,0.024833154183303313,2.7278266047329547
1.1935269676372466,0.08820417501313828,0.040507904634480583,132.9294153602075,0.7342602557846624,6.577121751419904
0.5252883117006827,0.022193885842328342,0.04974137311816882,147.16537983348147,0.14874860682866148,8.446674446329531
1.2367745399608907,0.022088473158593327,0.026173649522824756,508.89679270042836,46.30026476252336,249.56129943806192
0.9952700571519537,0.04076999833196443,0.09540273498637813,3736.5607482651485,1.9820398873094824,60.13147986510712
0.5361851728881596,0.037777080871349684,0.06315572657423885,434.82338619975246,0.13416257583283356,9.283785057471155
0.5285161853590161,0.05379010221273579,0.09261755337686087,1939.0018209973255,0.12758849255367385,13.325968456256893
1.0020338359542724,0.03816730798719333,0.0270501156229005,795.9295745160194,20.19126794841958,171.34778640635994
0.6660297196492506,0.029462354630505935,0.06330167511062038,1571.160063602922,1.183120266502631,53.18233883766531
0.5213645129744744,0.0373108214090407,0.033341313085736346,276.64909432678127,0.5400219862217442,20.86516199002115
1.9382891896355399,0.1426037546502033,0.03166635362306661,3983.531867483687,122.02240513771686,323.9746615663947
1.1370256370179268,0.0457909255430879,0.020469911455383967,795.4345593349466,56.70594725490664,282.8229275452517
0.8395492641544154,0.048998289577492395,0.02600675185847163,2584.607861670122,33.801397148568135,392.8610281188964
2.5082502179147057,0.06390608062360287,0.037295680869888784,417.06301975833105,37.81265331419394,70.60972651772636
0.6156638891399583,0.14504855639513756,0.025310811622427078,147.99807824944043,0.27970239911607736,5.883360413422283
2.7721672999787432,0.0325421253681061,0.1457862376239085,1395.133865937438,5.614607334706246,33.5511644595895
0.877573697269296,0.07892118181633857,0.03724795817774133,103.08213615041308,0.32536730301563127,4.957009327993927
2.456305794747106,0.08463703994747292,0.026005872747345744,641.9608012807369,121.73676027937816,165.28706243397264
1.4728236781588142,0.067994857369655,0.02987027464932827,212.60068006634,7.139435988196934,30.96792871191946
2.199243768184872,0.023907902137117115,0.06535913940858004,1163.8370096132026,35.32584224924812,150.37050703478712
0.8382876275939226,0.02275709353247451,0.11368749444247853,615.1862326613623,0.20642942056230615,10.519830194069396
2.7982002051449033,0.06648004974427389,0.13880372452958747,2448.5276713196968,5.747611041116416,32.09530267928608
1.0047218054800646,0.08875827127469682,0.032881309524018305,728.970749552852,4.463053896621377,45.79310953914551
0.997600309125252,0.030594374231355897,0.04953257776525482,695.6925294393393,3.5384527172990503,55.47556453737343
0.9201161533115846,0.10901865329195869,0.020912164973526267,3808.5670541131726,56.680342554037765,441.0183968130656
1.31906747237707,0.021261379289230043,0.07272616624693541,3251.062479186553,17.378149423931404,228.80776207715402
0.659049693550612,0.10950096492427122,0.04605116855678502,2162.9746011790025,1.1028252282955062,36.83168404238354
1.3484700001907648,0.05056454647359237,0.0344625729322082,318.6615310985167,7.191260004940039,42.93195497327726
1.3197700892296849,0.031005074075807916,0.03034066805092764,843.2433994951728,42.6363777291146,233.94805073790388
1.9581450201143669,0.026187501683922348,0.07470338070673524,240.1013950581482,3.1452494884449673,19.302617531099582
2.226772065940353,0.13653128261303177,0.046264236211920766,567.8075388447661,8.832848562762415,25.960030949346514
1.100778635115865,0.023153509920148627,0.0287238652112448,664.7578498438795,30.779295106188872,229.83285920552424
0.8594705505856264,0.029870943145950127,0.08017568130965466,2587.8046127158173,2.0327701169725136,69.49914789564023
0.7957410798748654,0.04030842773427064,0.0624457464816264,3329.0883098226627,3.255194222439806,101.1222591399675
0.7086255159721403,0.06978683238350668,0.11282897658422346,506.32229268701906,0.03423597271643484,2.4231500155293824
0.5544067924559977,0.059946567624921315,0.025341283304528776,107.1715029291844,0.3565787934528217,9.26056712508731
0.9235200471658729,0.025761772985049173,0.0973949423735863,2911.5744813240262,1.835365732682626,66.02021330511224
0.8114533992301296,0.03585582595773508,0.07769596159495662,197.7398713053218,0.11966595914068522,4.447873817525783
1.3581627807341197,0.030753395658724043,0.08110370633737675,110.26173217517614,0.3207050525505702,4.44174280560126
0.9315454876611854,0.045793778395807616,0.048686765603251934,477.253935142476,1.3904749316075933,24.574037035292204
1.4146910104841341,0.0826229406608154,0.13426090677178623,4732.7872109776545,1.2764184729614205,26.973047859064664
0.641632112621413,0.030996640991588907,0.026604101926368296,148.27755217289754,1.2782445117208823,26.019617651256173
1.1079067363628456,0.0418693751286404,0.07303795331109669,524.6165127899613,0.8330095840779475,15.61358891260462
1.5355891136440085,0.043964961084304845,0.04318032799037216,332.5359109919431,6.479475006125103,37.37543538321283
1.2006224600787705,0.1430504670083006,0.1374996048695783,3449.193610516755,0.30576236542173957,9.187198639675078
1.0271046146247254,0.13690570437841434,0.03888465449394508,2999.043512548878,7.689732413281039,89.28338860573697
2.9671149435674478,0.10027655369639295,0.13899577943771052,253.42127047292232,0.468255226518217,2.3287671104544896
2.4209623597121066,0.032545905285260995,0.12299440147990838,137.38382854592177,0.6131800783835156,4.053291700023786
1.527826822323257,0.022938595003025915,0.03448513187786392,1162.7579567699368,83.96338134803042,390.7366103205254
1.3868570861256038,0.03787394383399444,0.10096672698905579,372.8038183758213,0.48589319089663924,8.034636349031267
1.5203295359709925,0.0342366742864768,0.14867730023410444,1386.2808374237648,0.8246687634227984,16.70934012569031
0.7171686103865753,0.05543015149081322,0.033275577510172724,113.38888953979125,0.39007861933348087,7.949608782523115
1.014955341073396,0.09584943632869854,0.048221062711768965,168.5160610255369,0.31226470616899243,4.60443519745353
0.536630668714306,0.11274963664329464,0.05704531836001584,1465.9725397831294,0.206166369815675,12.86463318580166
1.172240570662189,0.10973314580586549,0.03623371032421782,229.5151579907046,1.3490438308372745,11.205104882181235
0.7519582807608869,0.0798733957519442,0.03116424214923037,125.76047259913344,0.421302694782367,7.314318514161519
2.8127443252511672,0.037564627253870816,0.035297345168382906,232.32579140650023,59.610626181623964,83.77525631317214
1.8235037718052638,0.0822133951096975,0.028232877683239177,544.231039908844,33.97316272042216,90.86326696702483
1.300245850413447,0.020399978336460466,0.11619329198342267,1564.291107344374,2.046735994528124,44.31007493140833
2.37649876921867,0.04561312504216911,0.08276951722145624,204.33324916646313,2.0197212037643273,9.323891547371975
0.6318838986761312,0.038838015899632615,0.023745735896010783,1086.7976416364343,10.043551625803588,188.1520372842275
2.061133818770152,0.08086820819814505,0.07411407920257129,1712.5072947412707,8.675843751210005,47.67718600305409
0.6253159073533497,0.09365732017663285,0.07464822023648171,342.20501624713546,0.04090961553630591,2.46012093076245
2.074846748114608,0.03690892804069998,0.1373352757833632,2560.184889100731,4.556090646253948,45.783919032242544
0.8195187273941081,0.10262504399945543,0.020122106496053963,1059.7132534017317,13.287155690738961,125.4002077581509
2.4070168840791326,0.036159729038203255,0.03295991465074701,458.25617029700754,94.01627176784314,168.4772961735324
2.713798137443376,0.04915785272535057,0.12968936976429238,885.9673133548633,3.1454658378898084,17.447966801042668
0.6527633671562859,0.08653977195253452,0.13082907696059368,954.771351964176,0.026102302572511747,2.5245391077891974
1.1455171747080535,0.08079372781110934,0.08542544664614471,191.09067607064074,0.1086289513105116,2.2276152842069807
2.8995230079772063,0.1462304776143189,0.09356637730783987,483.3149356928329,1.8734980593527133,6.5679599769907755
1.1888692797652176,0.031481809453329665,0.024048233959415685,383.2465620084967,28.01638057562803,150.1542262151436
2.3493114143156903,0.07596241193237008,0.05632521172123029,479.8679009427345,8.73125995625172,28.067848768386206
1.4357941331776138,0.06831860919853654,0.03189181973315322,1963.8307672570122,49.962523011172394,243.47247291464294
0.9795654108794453,0.12641459143262773,0.02881422120213938,660.4170550201093,3.9096820316517813,36.982136310359685
0.8343587703932305,0.027406681253898613,0.10235169149159615,3958.849017425777,1.4904816029989412,69.02819657719847
0.7196284205624299,0.09097026220952761,0.026254069958045596,315.462265054652,1.3602654683545956,21.722722366827607
1.95778149620829,0.0628492137462046,0.0514196231278671,508.4730157340702,8.505791810925452,35.9439459621273
0.9994405893089656,0.03478399489686447,0.132538928663768,2172.7813042143234,0.5101734284971954,21.32346996954097
1.2497399256942003,0.052022307403439674,0.02908334994607983,846.6022252923717,24.595527307100696,144.26860472698743
1.2080187974257002,0.03918365702263377,0.14349413698457267,849.9324531269658,0.2465123882395816,7.635475276178434
1.4066317073206065,0.06426355014082247,0.14828352333336323,123.20358266845001,0.03117179690822128,0.7358757356532163
2.3578704652837166,0.11993888118187168,0.061267342780853065,475.5638898628505,4.304892059730817,14.943832128368111
2.8982346931701155,0.06298059142169582,0.028178334278419554,288.3822265008417,94.89802074175137,100.28036903720971
1.0378442078056402,0.07142098133312477,0.03781300031120646,4987.0118246381235,27.49972584567264,304.09951292026426
2.202444068798017,0.05688085844570778,0.04704215733783632,334.10733918160616,11.48189430280813,35.07531273791631
1.3972118973993377,0.03197389162814901,0.03520491667506396,1408.9670334693012,52.47142908835108,298.06584736542027
2.772804719464797,0.05389663493313247,0.14183733195072457,379.49560725213536,1.002009854960113,5.822835631475141
0.7160931168413689,0.0373684320008729,0.027241662951360036,838.3948563160568,7.7623295834747505,129.89644013558268
0.608126720358815,0.02884591232405274,0.08764695688938004,2679.447472406679,0.590980835703125,44.119707155060226
1.0982342489341188,0.03832731017318623,0.0664854106537905,187.28559821234086,0.41951029280086555,7.284329184522448
2.280551464480919,0.033642634394506224,0.12662989241558387,377.5066281015915,1.248493253578434,9.575318685527508
2.4770185799638123,0.05093844243606163,0.035726458525889584,371.1368932075518,46.253761052409104,84.83773118498279
0.5592055317985909,0.026161454566926874,0.029065419130102514,117.87802406794056,0.6112181806987432,17.895362072947627
2.4346650101811176,0.1296774162808234,0.07435150097620204,1038.455783613915,5.355657296943892,21.160924837681275
1.1164262462624748,0.11490065110884791,0.08406203192163539,2833.4374460356635,1.1003283412320002,23.376132528821078
1.2478537368161613,0.08322261527999845,0.08000163279599991,444.9215477547279,0.3864357309362961,6.254020673516557
1.536574955294849,0.02477271474467668,0.03805851408101714,1808.418214639222,91.51066978463662,464.6507209198041
2.6292736443175366,0.09549268972313116,0.03324470995853482,1165.3172476533866,114.9885146646423,174.18710051799766
0.5174223893548389,0.10186902651742358,0.13725162924965878,434.72631892659894,0.004355094673446283,0.703291273024501
1.1749688294752216,0.09394443785421107,0.12852086203596003,173.64263523475083,0.026901973433507365,0.7888885127969502
1.7144379503520992,0.02516269357040733,0.05025856057701396,1603.688257481912,48.187976895409236,259.54684268526466
1.8253465407899276,0.0731962625205297,0.11002755676156815,2830.6135988693354,3.3632871880851773,34.98527739165183
1.7292786589172662,0.1074274595194162,0.049755460426660424,1463.0063459501368,10.890411703317906,57.07759134382742
0.6361812547837947,0.06401026016520112,0.04703231825972141,107.24449489436888,0.07898044193651577,2.8911109762469187
0.8549585420513055,0.07356581490255344,0.027428823421732196,233.00927121024014,1.8270544038511134,21.596287496861095
0.9508345169115515,0.05036468488539646,0.04722385298335959,131.23340892213915,0.4051254702385632,6.665790225536242
2.1132156744891297,0.05803383771861217,0.05906126449484225,931.2555500923501,14.000757290231537,58.328012055358
0.7293405083828303,0.07247058798204759,0.04893911180233738,154.12415974942925,0.13408259009521944,3.885781324646056
2.7797732895212803,0.02356683692675585,0.0965527294340333,2656.5060583647855,51.23711609752734,201.6698760364127
0.5080038231584981,0.048050113314227434,0.07872487086459717,878.6038286408882,0.09358461181970337,8.992759781928907
2.9883093305760644,0.036067923109723794,0.07191695200660671,1486.7455783114945,56.32990919378413,142.89919294663957
1.6812772806461957,0.060022332297163625,0.12501056499150387,4470.772829909185,3.4513445047397617,48.08026966405271
2.2061976904177922,0.026168417664325427,0.020740017044469053,138.73035224110734,121.54600045958097,163.1441420036933
0.8476732063467516,0.08058613829964931,0.061444181055556685,3397.4461530972612,2.1085117297535634,56.795041782106416
0.5129906571064397,0.09924617905870055,0.09772562883856943,163.77390256695804,0.0045464722490859075,0.5318322399312055
1.875616708189546,0.02779554198985821,0.059529415663524245,465.1844891377298,9.970758443225717,53.14741948160206
0.6458462377392694,0.11710362744186155,0.11959198065372242,724.953722797917,0.01857213616122947,1.677321073558809
1.9286387313646622,0.05797329146385186,0.05163877480157254,1021.8001447445449,17.490553850217587,76.48711443877694
1.982933859821483,0.05127574666340554,0.11733689438534589,1596.3241360785769,2.8620070655380028,26.902917965718398
1.6270995689797467,0.024797584275758074,0.06511581701709628,2599.153918125848,31.14915200782982,241.33205770598875
1.9729863261956486,0.07403401380256808,0.07780175632082485,160.8584324526752,0.6749277059373456,4.249218468766333
2.27627553317174,0.11496954567707722,0.10111318195271143,2378.3921134484663,4.49565003429803,27.635108030344696
1.5012285428925671,0.10610683705009545,0.07547992836012686,657.1639684141282,0.9281476569268866,9.79186640571545
0.586027334090979,0.07061000142461753,0.04460179810100847,582.9021839815028,0.3566700777196086,14.591295441191813
1.1978934608195873,0.023275739317791196,0.05629770273311308,525.0406918089989,4.1391649839891995,51.153761749935725
0.5746361334516612,0.025083277351159183,0.10086582081951644,733.0527194129977,0.10292913853955825,9.903918467266099
1.0377676382255367,0.02208911825525286,0.04246165291791061,4032.8544003868096,50.76735551796934,630.5096593778736
1.0369562364826816,0.03360006241616943,0.043717976065550876,853.8503607348332,6.459271187336979,82.7243311438932
0.5627761020397524,0.026287064484868235,0.024252957711613943,4163.130706663357,37.690462362195746,909.1497722025155
0.9341253091699606,0.03377442486725712,0.12628373174701296,202.4452186186722,0.046209732471846676,2.1065954266772406
0.6100189321503814,0.043448959880056114,0.024026601671849182,1699.3596697572052,12.192689526508284,247.97950567079428
2.127645374642217,0.1337204107813007,0.07383337780473033,2398.6706017822003,8.176230484265371,42.006638516789174
2.7315844182636253,0.06841422973647833,0.04598333632086829,1425.0152548731667,83.16799153883342,161.44997879457236
0.5691715188160869,0.10756802911581322,0.04528681851651775,1074.3424819586637,0.37767155714639533,16.630692151189493
2.7681785377530597,0.08368181233339972,0.07864651526676861,911.1711766704976,9.043851672471469,29.238512530313358
0.8552191385989139,0.08810599014848379,0.06615442944481746,2488.5875423131974,1.1623679649116656,33.117556946347484
0.5738261349332966,0.03481435636575243,0.09475564794122185,161.34847654904613,0.019605271059230926,1.777165451991268
1.2261155617898545,0.07249173859223763,0.10611258584581576,2765.189985415369,1.1209098252346852,24.92213927267008
2.075980494881243,0.03975507811005886,0.028200352284882463,505.2312024129101,96.57049441968172,199.0503771894109
1.7749667860108975,0.14929812267956935,0.12199067754508,269.7884197748204,0.10602307992573458,1.2931745584906413
0.5470832748585682,0.034013685068900366,0.07502362139887946,3004.074561926144,0.6523249064548843,51.50692966501538
0.569768793024237,0.035098314249631286,0.11822436003530593,541.9973656864735,0.032925067568048375,3.776999115344487
1.029120792801131,0.1304443387022718,0.05317167641027752,2362.5845586194087,2.5012714269038163,39.55660612408278
0.8486931003771114,0.021018192219984456,0.05961319235555553,280.2301348241099,0.7327993054973596,19.10454237886716
0.7582285897405868,0.08140958513670186,0.12742210974158244,101.54903464603176,0.005006186762616399,0.34951199176657466
0.8272447250041189,0.08624521784739506,0.12260437777744804,694.6568251645605,0.0471259444450691,2.659552607200639
2.109604803663066,0.10787293379190377,0.049339894407225804,148.00786759383558,2.0427803793629833,7.133920018769719
2.6427128483247895,0.14247021835901216,0.03476625087974304,1912.7672198607559,112.31947794067129,176.12602656940732
1.0332399092883577,0.14280435223962423,0.04416499777180277,294.47157223479905,0.5029345917840681,6.553871601981872
2.5354871486726793,0.022811358906299463,0.04368652885396886,567.2057778354994,92.59164701172438,198.2015629074679
0.8894924911780662,0.1047586158917083,0.035649716925508716,140.56183445938348,0.3969876194357863,5.634547312350011
1.1741133901678924,0.07355137275289902,0.03436003547549774,306.92019437956367,3.171353767777403,24.89939335216288
0.7496434515646465,0.07370450292980278,0.11337382960288657,2126.80896342404,0.15889160853323736,10.097522484839912
1.5752781074086313,0.025902640890104234,0.023023081784752,180.94363694813597,42.62077188905754,124.56064431323351
2.889118686214947,0.07412822464293616,0.07833958972524964,1257.4904120085425,16.20742614822485,47.91540148536964
1.4742763937208296,0.1447979602002586,0.02833075368438807,3619.7535700609383,67.0995500571634,275.50562276863093
0.9493000009189736,0.1255819160916013,0.04003997134343354,1428.9672079216896,2.888451130153482,40.42614908541731
0.6231905856815809,0.02167638817487367,0.03445668299942542,153.15794463031654,0.7962245355397528,22.252448746615066
2.457430130291759,0.04150104139919052,0.0940687794320384,266.67717847419675,2.182099565735528,10.707011472397966
1.2315311739550703,0.10572364939144431,0.11897963264395091,3309.7460891514274,0.6612742117167747,16.340823705155465
1.1184899031075197,0.08220243561729151,0.031252144600828924,1640.374416939337,17.424315533839533,137.11405347534637
1.4284380889377786,0.050464251407053816,0.05089355094522904,1220.626423682643,10.186749672378301,80.0361330053896
1.5316034938789478,0.0223484400718774,0.051593186457750954,1341.8988309737604,29.920941008508425,207.29339108734595
0.5686204015481372,0.04727037368470487,0.11626845630739797,505.49203582350555,0.023825804424703213,2.6988276896582355
1.698828149295277,0.05145831391229695,0.09300919779275403,119.04204546236562,0.2685073480097342,2.7257983882982155
0.7713108558106265,0.12988917950102527,0.05623464975597004,2151.506438811562,0.8141168081123247,24.240545110135468
1.7969381869813084,0.07278126695837828,0.07726359086298808,1422.7003222330825,4.683917792869205,35.30436709322176
2.182863017729117,0.0374753235115886,0.1102852875004859,635.7415587989324,2.5055473735193963,18.267444051536398
1.3455483963067858,0.022847171241542473,0.04503845201223637,372.4990654311553,8.280966933016488,64.88979670649073
1.2698161796927407,0.14193411190464253,0.12442949766209374,316.2596711920037,0.045107655282955565,1.0964843604755319
0.6458759484486256,0.04131468713827422,0.08888925201999147,3039.8683536798494,0.5376387790250999,36.08711528913723
2.005887540402637,0.052383342542928854,0.05971032767840032,2259.7381584189066,31.151358267157097,145.62094142300614
0.8131441709554879,0.0409190214226192,0.058143531284324715,749.782416101759,0.9546609407111769,26.44393045320007
1.2175145743191942,0.07911695653416319,0.0403041843533841,166.7686452864917,1.1067706175575729,9.4791626252796
0.8321052175953138,0.07594928764024467,0.05708438827552318,231.9529919360622,0.18017712460141855,4.679194163991737
0.6354899874260085,0.08452415552394278,0.07490838711560358,1302.9017629087195,0.17926946660924975,10.474418009871917
1.5447603487973056,0.03432983759776724,0.04646471574463875,450.99685516795563,9.195089216239671,56.39850073105173
0.551123011886535,0.03777976529882957,0.08432527189810586,2637.198755163131,0.37119035924655563,32.461448988613796
1.9121820160518437,0.025741419735246306,0.11341250852335084,4110.977182860208,14.58001884280881,142.45284816620028
0.8832844119965688,0.07492752371277378,0.02731421441949884,2337.5072708591165,20.09499223531806,221.6082777044059
0.5001206832952273,0.021669800855418767,0.049677679805446066,437.9639347972901,0.39279383350462627,24.574624307673226
1.2494123173823295,0.06668661223943488,0.04550640967103322,2187.5328630126037,12.931719032212222,118.74841453125943
0.5437858162384638,0.11536316844721997,0.07991049403422743,395.4475247699921,0.020574749786866877,1.751431598301733
0.8201092136439452,0.12038231779708093,0.033088671863672904,192.26402806196893,0.46318352052172296,7.177936408839818
1.7746170183914745,0.049427147276439556,0.07265889188555616,113.95517526577437,0.6398185393130116,4.64993476266013
0.5594380633283,0.050460187664510374,0.11718899778856119,452.1901783423127,0.018569853404632467,2.1902911364168696
0.503433929455762,0.07726636588015164,0.12537892591899216,254.70123104236075,0.004064761467624217,0.6334104148283258
0.7781015971867515,0.10463628247922972,0.14794800449017603,224.3157007848604,0.005940180647944132,0.45724262004106697
0.8812031010413675,0.04674057786905015,0.03198643305828317,110.27605916326061,0.9396334503369886,12.192220318136181
0.6001470746421977,0.10840911660073443,0.1357283287895462,2162.8196341506127,0.03285161844164842,3.8996213414505014
0.9534248752925244,0.11710195355139073,0.1379194230541572,351.55875280913665,0.018891115890369067,0.9028604736287644
0.8116651105966499,0.032645804568307596,0.024351731549426,115.79529520524436,2.501758169153164,29.129428988253483
0.8766012350720247,0.029476322212732286,0.027669568440572192,172.6824216143518,3.5482532537661187,40.24606206551064
2.0553169020990834,0.02455727398807817,0.14879974955353203,865.8774950214612,1.7698920290174784,19.638211814723128
2.47161845313517,0.12540540431570174,0.028743568698023934,292.1526822959243,28.213472755040833,41.816235166594346
1.0877912768315174,0.1044778745516233,0.05505413447277524,129.0507745292337,0.1814863141621014,2.6598260188248197
2.552956409533514,0.09249262327082115,0.11052168137180877,121.56730966423433,0.3085589542812718,1.6481980350157053
0.9830611193099232,0.022064978683230128,0.02083927735777922,157.154696815946,14.241579032646207,96.736487326351
2.8129941539081633,0.1094824176003882,0.06760750176798586,132.2057718106911,1.656794170288326,4.458988379392836
0.5867468402204782,0.04834431356828096,0.03494976298977811,1959.5909488297318,3.6532576039699043,116.8244020069602
1.7122804794230657,0.039870043071923,0.1136647699031901,668.2860764234468,1.0914491074139332,13.328771100252201
1.211245055982752,0.06014926025688833,0.03540591864098169,382.44006023714417,4.848888915973545,36.860788491589524
1.0014272549103471,0.024041949448669615,0.07979640463365671,513.802518913049,0.8045916021404071,20.166501314162844
1.553515332545819,0.09186330816132941,0.07780606990466377,3786.6279775766507,6.24967523128934,63.467354273222945
0.503924284759903,0.029127805206390456,0.021452673718372686,1644.041865084004,13.934692496580873,370.8162814562098
0.6743490640965776,0.029224339349274847,0.04561928190458849,3184.555503602887,6.7043049469758245,211.8572059724234
1.7940216519582042,0.028990710124691624,0.03581720730720391,349.19853321821955,28.831161099637153,101.06692370393705
1.6501318509297218,0.02243419946578649,0.10207868983260132,444.11282340283435,1.592847185519765,18.809725567345676
2.822936300308466,0.06537168049070165,0.10032234927330538,1103.2618180372244,7.162090259358305,28.4018010192132
1.9551159214959375,0.10873920002086666,0.050228933001819784,1146.8900325951086,11.84764467124651,49.040117513860125
2.7467237054947677,0.020717722176287284,0.06788367566490754,658.2541046142455,40.09046976483497,113.6284538933047
1.760567879090759,0.022075576920824576,0.067576250510255,479.4084300270527,7.314932949345914,50.23535162200612
0.8529031201281438,0.06342187504110507,0.10588734281322401,4736.862390149113,0.743462977406812,34.089022191969036
0.6038927980980913,0.10426509072509717,0.0470904830165263,2483.5014084275335,0.9568553675524529,38.91977273838646
2.0293045128760347,0.03863194214932327,0.034838762110730906,548.3000792961437,53.4276387626446,142.37862931565766
1.585679919459832,0.040454236883371984,0.03411550355466561,1720.4739576537004,81.3422175723047,347.6540514806802
0.545087233003729,0.06650736095908404,0.05891570636597114,287.06300789664755,0.06511079168389304,4.066891616287619
0.9531115327290888,0.034752261607451186,0.049438147555520014,147.9737502217417,0.5811482172825573,9.962588765636436
2.776546665833278,0.021101530021821226,0.04854702638791555,396.9810179344901,67.03838173816519,132.9801306445552
1.2256254813157808,0.08798324824154255,0.024031492876999214,483.7697404448827,13.893462634781311,70.01421741228333
1.0856722132305106,0.07055243363903059,0.08508486083680962,106.68321094555424,0.05983620831460803,1.3605968680108016
1.1353493728385242,0.06445061620063586,0.03076540891808364,2422.7420132043585,35.98498208000005,270.5424929925971
0.7269630835742191,0.08913515963594076,0.029742432740379524,407.62312713989184,1.271914954547619,22.548642500285425
0.9680102375397569,0.07796475984354659,0.04594294312891665,968.5299469104644,2.2132925247978497,34.182851094229704
0.9699305797644966,0.0302823342189353,0.03164827175157686,133.55533363821658,2.4181572736074473,25.62499518255855
0.5491742034246961,0.040688577409306884,0.06485474389646709,198.29618680928252,0.0563621684721482,3.817857713043876
1.0545652316398002,0.02598141727067003,0.04941459665343264,1081.7872334781778,7.70857838082245,107.89298376668476
2.1814753567605334,0.07811648619120666,0.05903180474847182,4116.272302956238,50.6517955145385,197.9205262315679
0.7310270428209137,0.1391489670625426,0.02737298803288663,428.33067909314923,1.1167953528957462,18.01936462200634
1.6236426034427225,0.07093690206874849,0.11788352079058019,321.8529122006957,0.2258072812606144,3.180685412434227
1.16540447335727,0.02898210544992592,0.04792529634697913,2872.904507777983,27.14985886638561,301.7793894747801
0.7359509726289979,0.1028784455839146,0.02148784234152931,1174.1986330459451,8.734259631247825,109.15199879170312
1.6842679855360243,0.064191477067823,0.054549373634133126,2243.469846642549,19.595116096677266,118.69318272562187
1.485569855065455,0.06951319773083355,0.06108892072391375,2128.9367806629284,8.389345334836833,73.1500995757108
0.8487098026798883,0.09657332811510023,0.06166659858872713,401.5239967252406,0.20645370267593266,5.567558481277894
0.638654781945225,0.08249747476727821,0.08312383736071588,945.5144064959037,0.09901248147703623,6.3561442702305975
1.6071051720222669,0.1074563509835779,0.028598119358523678,2602.1885112497107,81.85926408955056,285.5139068359786
0.8801887563798332,0.09018957667389821,0.10243982333838335,108.631727309247,0.014553318043032847,0.606163472140495
1.58762270575918,0.11106527197735012,0.13485352783203275,373.2955662872716,0.10446485634185224,1.7605504496360322
1.0149429101331526,0.03559718760530105,0.026301437008960087,175.97860669689348,5.4109222627711135,43.518918831940105
1.7945387158126425,0.07268764465860313,0.05451347201719304,248.77847435661295,2.3256259605671534,12.400768480644357
0.714479248548092,0.03766526680629227,0.03079266930668055,3454.613465532243,21.82357798139527,414.67190068832974
2.464290607475456,0.13782035599951453,0.022573437471790546,115.52622736683138,20.77258720667006,24.322880127268867
0.8367931977856747,0.021393294474475168,0.03853588683584998,236.2842732459875,2.1540520519383715,37.34184939331404
0.9664138171574717,0.06432566047409344,0.026715633103377778,335.69822406225154,4.705420784442493,42.398279118866405
0.5548483891071814,0.02797246891516604,0.08361129073411558,1117.036937715981,0.22228268602641357,19.016581924879166
0.6105811208345632,0.08399748990022707,0.05862359271991496,808.0211911452144,0.2070188840161341,10.254304362040962
1.260052350906626,0.02850655716848313,0.026723538895982404,234.8731131533151,16.451787439534943,87.22489094705072
0.8076023617544933,0.03213695837026122,0.02037590709114752,190.12562148573875,7.016466548013007,69.04795233795203
2.234086512474845,0.05415452390979998,0.10191002872484559,252.52987157066073,0.9357673763074337,6.018598946147563
0.513338317793496,0.12634749118975827,0.02852403070812565,714.1390180610981,0.6275310207136076,21.396822407838336
0.9861943550745245,0.030640302008164515,0.06784325813385172,288.88362410384923,0.551617487993499,12.120771160429848
0.9151153988158542,0.02674538480460559,0.03943277226341346,4073.317154986835,36.257322574482565,537.7889420493542
0.5176185412557269,0.09229564751793767,0.06506779062750473,613.8935879721865,0.0637799045110578,4.8791124782907636
0.6248092199158638,0.05484067051643517,0.037778634577362094,125.86143194750403,0.19775802934525272,6.028316944889925
1.0491717035538526,0.12557345053227353,0.02382908889849968,1733.81097892858,22.44719151504653,153.06886611421388
1.2091862414956551,0.02687365362801915,0.03134187049906976,361.99142318584455,14.733879631005834,99.48696658455027
1.0317359814451275,0.07349477654354457,0.029214116878521455,1289.0153637514445,14.715321644384886,127.21429694508502
1.2945529617909135,0.03197521810515034,0.04737761025592561,298.55369388353245,3.6281868512725874,32.30975795102344
1.4523539201919278,0.027428684208868504,0.07534746316499659,932.5593856682851,4.637924759962213,52.18647524533039
0.5089700626957621,0.07926338278749516,0.034031138060089915,2050.5196924029724,1.6484634930476474,68.21531423466118
2.810076502023432,0.09152721862860254,0.05690258304272061,277.7455987617951,6.961392221423036,15.801646863900602
1.2672305146944192,0.03731029722559529,0.06778079521362938,370.60554717207606,1.236433577085056,16.43905164077337
1.6834505619586728,0.04932108696656252,0.13918763853222876,614.8578499482771,0.4201282454529396,6.499685858240533
0.8742733803902365,0.045273341841051445,0.06559233044901062,3760.470950245688,3.746476075330343,101.2726252270125
2.0010243017813996,0.14526753436761752,0.05168146913688726,3399.6110487093792,25.873423679182583,105.19487421358326
1.997192019039073,0.03603841955445563,0.06350260581790547,142.13482591835054,2.337008471658492,11.719868627693922
1.272381000922917,0.036225395919681276,0.1297178951786626,167.5501483246762,0.08314271842026132,2.098458165758469
2.8737989469970358,0.04085840408292521,0.10614795271835262,694.7926718019634,6.42759942921694,26.02305124827833
0.6261336737127324,0.06238560710028321,0.03834035891630457,151.7549781015979,0.20180498855853982,6.216765755730879
0.5154159463367189,0.033252772035732195,0.032258346227894585,386.4840165212257,0.9030080786936225,34.5404973303045
1.9873281296505172,0.12646337481547967,0.03395083784207305,178.6908466983842,5.398032394458679,14.616970719223607
2.1235333941735406,0.03416025797036417,0.05526234476503061,1203.9639549178103,38.09100233096386,147.04290450701015
0.620168080865389,0.12159721872265529,0.08956098234753541,4103.592787055539,0.2134287876202068,15.655378776689174
0.8046992895211076,0.02463638688731153,0.05512868469659848,4936.51860380469,11.870046495290874,318.32692129633045
0.5159746888652295,0.07508662490670315,0.022927462693295878,434.03367744914215,1.2549278246989444,34.043053107552986
0.8456846865465839,0.12436491841745838,0.08594239209840132,1041.6084697718507,0.1520023831337215,5.753756191034185
1.9979808449944838,0.028099338262843086,0.10146195699369873,2849.5288544772184,14.749656958719338,118.08998509805521
1.2647993584206279,0.14072634519394595,0.035839204658924984,158.3304836228077,0.9419322059155979,6.6473001630961885
0.9329127432315318,0.049811621706674865,0.0762396166898728,1484.3942057471208,1.0400165004307278,28.69785498958659
0.9732835910033579,0.1344586211309809,0.04724153968053331,495.00902576940535,0.613212832842628,9.63312130632383
0.5012141576433473,0.07821481062716522,0.11996758112985671,223.99387494480325,0.003978012319404501,0.5984032177604566
0.8555790854203746,0.03672290109982854,0.10981309713830885,483.355113452872,0.11857362270870103,5.603152768874551
1.5922552241262558,0.02922848068343858,0.05765210699164891,134.60284801580138,1.8479116363851618,13.236756295133551
2.864445930640487,0.03688219578804725,0.08056375725498295,1518.7136147090316,35.2535262453204,109.03641706328133
2.280927314580249,0.02412270064040285,0.11858099798051286,268.78325748992603,1.510448830041739,10.844481194115307
0.5215914401653883,0.026725342525491403,0.05430161531626219,338.11843496891987,0.21356957677207772,13.427704597962384
2.5014168004814312,0.02469529922981438,0.03759616824224953,160.58814955817118,36.48105015851311,69.0477203994373
2.034308571289843,0.046895536359790366,0.09131330006514024,2944.6243458978397,13.22474963954693,91.9175401457863
2.0240473155658734,0.09935959548324605,0.031160287110701387,689.2027938744931,36.21058502001443,86.7573392909102
1.1359519904760267,0.026591893773853344,0.04375407963455786,937.6923727293315,11.753740137373,125.54089996213041
1.0201835600047717,0.02600568864144472,0.11444435227993471,927.7886345012387,0.4813636057499718,16.673298661125585
0.8603680165525911,0.07312565095351414,0.0860882587992399,498.21349682714714,0.1295410582592057,4.745624848903528
0.5624585733750755,0.029756180535909362,0.04512210627627977,212.3745889322608,0.26331135838239694,11.83010037388876
0.7526128650659456,0.024346960935805816,0.030827946118427513,1844.8378016250097,21.00077230926245,360.0370011845042
0.777794613612464,0.027991922257596183,0.04097548903255868,164.3859832664973,0.7650593273737674,16.322998889626664
1.1902965680579278,0.12863275106305164,0.03545181965984951,150.1337920007426,0.8414291289159072,6.632179393309485
1.9080721994279817,0.10468095305287092,0.028517989872041474,1608.8483802357482,87.6830860619086,216.34939400038772
1.1685995500273796,0.040818606932222494,0.08943177162654771,226.3642470303815,0.2356741737003649,4.861641734077872
0.554602387713288,0.07497445972769018,0.0332358346231743,332.04557935883315,0.3919678903486023,13.341484763688602
2.7814761191379374,0.05904445597595001,0.049940669009482054,641.7963039065778,35.77022911136167,72.73374680420399
2.7073980514279357,0.07826276893045014,0.04351917469198436,580.0085672508371,33.98867854761573,63.565469690193204
2.0415791846604017,0.07914237461003557,0.14467978921430708,1599.0228843714797,1.0813377987387058,11.823535159140413
2.953745346839429,0.07099222326873454,0.04398045002643324,1146.01926095998,93.14552198605577,147.90610575027276
1.3263544915502612,0.0341888895657765,0.023497386911958167,1243.969552409289,124.64807754328945,524.4408127945916
0.572535158556573,0.05008167429517234,0.06576210306190054,314.15230225696484,0.07884633434782135,4.982684996122379
0.9627752909456468,0.12041670210325384,0.06691289536269829,352.88616182229083,0.166277672193086,3.7809805262753056
0.748773938017697,0.0630049956912112,0.04650180031784876,554.8109649761254,0.7002507856948944,18.295003032414602
0.7101625456070568,0.10700970141175953,0.047744096873358365,332.9423261361556,0.19502971976109515,5.8158809218537835
0.6434813956284076,0.1474898201446677,0.022295864160831184,4713.89490170914,14.63502949652222,248.2312621360888
1.525112770955135,0.02781020549541211,0.05662912323066991,2415.7378557712004,32.320097629422975,247.8672450958996
2.0274800210783486,0.08060793777343452,0.05529781340140484,190.43351183324023,2.2179519660636293,9.398476984499766
1.4092032202454698,0.07781766266299793,0.027033035286560335,102.21256878963065,3.54407794193134,15.197122898488738
0.6506227134351859,0.14406253331331384,0.024654478468539305,118.21905663447784,0.287261444517946,5.270177866821805
2.138685771543042,0.14571055725707044,0.02565449649285349,259.8103706476608,19.676897082510745,34.76455727624167
1.5625681036285257,0.07978400792727018,0.02451522596722335,156.37865244892555,9.667439802646896,30.575954338373563
1.0023551680841611,0.03267441820254036,0.06832222787705995,805.6111332394627,1.4829862889268228,31.766285971239135
1.6731902944213892,0.09995747483320366,0.02971422131514219,2868.852020405106,97.60600031077648,326.33281757973117
0.796554304616544,0.024813443908142642,0.03319302112182632,1785.3218738723851,18.93982654904014,312.1063147271999
0.92807217699448,0.09642501500087301,0.028373718480156303,232.44131880729134,1.6067962337028034,16.67339766332009
2.587693055823434,0.1251720503062824,0.13778266076474716,476.8672077223425,0.48071244833817867,3.1157669688383254
0.8414463844261054,0.04325463680680906,0.11191096294905344,729.2845740153841,0.13651063980803754,6.796679503199377
1.1606251116675652,0.07126470859579927,0.03182197273069942,2379.6628771534224,30.858599323817064,229.63069316520458
0.5589507233952336,0.037378643634450835,0.05388297848583148,733.1492682706753,0.4170377311181808,22.65637644350226
0.6510195827954584,0.09288382770587898,0.020806087136170347,1512.0006190031027,9.49868486976576,146.88462593481833
0.5070747065541262,0.13189910317942724,0.07736029794724128,154.86221874344355,0.006298045211228174,0.5968848631915524
1.548540557285873,0.13312040526187163,0.05738857317163655,912.8701089222817,2.5662355890135977,19.345828611236495
1.1151354959283009,0.028442929682699937,0.12229089166408934,264.5574065911363,0.13433428838167466,4.16136935149032
0.6359985821447793,0.11654248625967603,0.027853749513766086,541.3448855047629,1.0532898545440639,22.847033873291462
2.7821954652871344,0.08837464545007376,0.10108223791257683,1194.628289405714,5.368885931653988,22.08484229343047
1.29159210238916,0.03328727247308758,0.09863803263481799,273.2822344402608,0.35108867714024916,6.539145745751072
0.7712578077674013,0.022903832241864014,0.025841714720449542,122.64810653460908,2.7116156258972848,37.10742875142495
1.2260700934925377,0.034319742651642955,0.04464714922532323,104.08472882497341,1.1963228142387718,11.19237040017541
1.6897303941130948,0.12568055440853731,0.028178896427397612,109.055704138133,3.5637013429825606,11.079011246191806
0.5731860961702132,0.0716308536569062,0.03341381306537721,103.32037019659573,0.13868687067847932,4.443044336358741
0.8179582206246021,0.08550608027769308,0.033992767668827105,153.98908234052212,0.4779334373267704,7.648957583794958
2.122810416817678,0.03357794063176602,0.06134383419652153,255.2020404485844,5.999176788683612,25.724723249913577
1.1393543059530584,0.08521944548312642,0.04581838375627304,237.60124770654986,0.8165970513472534,9.079052565677642
1.331342177429364,0.021165963188633754,0.13500637006788893,4748.296324179772,4.097762323436179,98.31781032671257
1.0858412040069116,0.04260486236673412,0.02579951915289925,331.0512209133564,11.03419974751589,76.05545551612859
0.540917210345471,0.07070946847851721,0.1422558927053188,164.62056535794542,0.0024379725730542647,0.37337740713185397
0.6728967066626241,0.026845620150273565,0.03183119444575391,845.0733342382675,5.664323585815909,125.43384615620623
1.1108841942113383,0.10500465280708669,0.09491657068783566,2868.4281884024513,0.8341734849679424,20.21023664041827
0.7273575242362812,0.03211417583505572,0.03959582968272729,1419.0713801781833,5.217273715185401,123.00074771937398
0.5468412255913212,0.0744416396514003,0.02668302003519244,318.44511290121073,0.7013554103554044,19.713384453956458
2.2670288413895197,0.04524830541462416,0.11265113972174279,899.8476968776017,3.087249670205359,21.315906473390854
2.9005890141771866,0.06646678269079155,0.03726509256709358,1638.773217236917,221.46590582476742,308.9920030238281
2.0708809042757848,0.024834522379005273,0.07543429539054425,1725.94794262792,27.388700901269853,151.75415061106176
2.3085740454561074,0.02069329894093868,0.06261853782152735,1356.5282494286278,62.569468546995,231.57321488035538
0.7713736704307768,0.12501283170332214,0.05174229262678775,3016.343457353249,1.5227349799704435,41.7110309516839
2.795651849330334,0.03443283423233797,0.05431282715839006,3008.0363101153193,226.9305831518379,496.7522235804734
0.7115542017018911,0.1043031895760032,0.08745467493518631,962.9325088476043,0.09471392382203378,5.153371338101126
2.7499595197018505,0.149803766239869,0.023869134560917073,537.4190752438262,104.49606248739886,103.8949768999438
2.9722811131342946,0.03062282830721595,0.07686506696761057,1230.2933819535601,44.247292457963596,121.26807980407831
1.7897731788568128,0.03412484123103049,0.12159632931234113,2455.3739702461658,4.370391035502866,52.25830559946158
2.9003354176180998,0.07604539479098073,0.022469748339291582,102.23574276664431,55.07069879896319,46.337531834983004
1.387260740627157,0.1399125582559117,0.026552797559914063,4845.885660917247,94.08071219447604,408.88882620430417
0.796036107573065,0.1265970705439984,0.08474748984145093,204.517762702032,0.025501506970035673,1.0743300106373372
1.0940039729725182,0.05509052150679009,0.048270103189658534,629.4176558861964,2.533522409433314,32.18664668206434
1.4482721800813148,0.09926592732131068,0.04509825746250369,3030.765691700561,19.260348239956414,130.4469934349824
0.5699523034731313,0.026291534440891336,0.02635628480866826,241.17755481482192,1.7669514422503658,45.15879388029623
1.5249204685490458,0.14333369213732125,0.055524521906050124,645.7446007703783,1.7776255776503136,13.370304075444114
2.9005126564510566,0.13960409415872746,0.025808626675817337,167.97828665795862,32.533088661119855,31.437732652559514
0.7029145121620675,0.02781652435404984,0.052251900878155275,469.0539809543567,0.7819192491681883,26.047709116363908
2.0688494351422144,0.036563147423327044,0.09316229185250435,199.96216231312962,1.1408041990782873,7.821752299467027
2.543622078249527,0.02447212905842891,0.03365325923666499,414.75596229075035,139.3920307142158,228.38651521565484
2.7121429652836735,0.03457797381152624,0.05269232324990228,431.0270261341129,32.37735385053463,73.05906255217215
2.7931915879746025,0.10352406091283525,0.14760624871206365,4868.18843958775,6.069525279075076,36.17167088017993
1.2727540106187158,0.04286268068127087,0.07977947657705659,4899.564696601199,8.840538896015483,137.14864689674815
2.880470122874395,0.02389916663891202,0.108960406531534,156.68176109595873,2.307067831181541,9.543614369872406
1.9421013446463706,0.039856420826494425,0.04613675722551483,1711.5877918862584,61.01211058135548,235.08769131631226
0.66799749611813,0.14447760574898924,0.09396266917146459,122.43737721676992,0.005799795046494878,0.38470592622452493
1.1750880736441196,0.07112818356800762,0.02170091289321136,112.53699866150119,4.784885516517023,23.687502426569807
1.811091142775908,0.0462590084134734,0.02562033536922972,150.99380410045123,21.961904213635993,54.03619296560214
0.7788219452692676,0.027974439756950555,0.030111279163752332,4368.488239471651,51.4680121813656,804.8237679052631
1.5756708856018322,0.14587978340470312,0.044953401030211435,3967.335661302558,22.307628336976652,127.23174620988588
1.650767844491412,0.10454979046661522,0.10992806348027769,213.53916966595023,0.1317429394311083,1.6740733356902837
0.6692294025632386,0.035264674499073854,0.04018222707080583,188.2246284967924,0.46967808356337104,13.273786432083023
1.3762326179266922,0.023032675927677434,0.07479346341629829,256.248833449773,1.3202093493538356,16.42227455115471
1.99256478164135,0.022417172175823216,0.08350711089644527,751.4479063198947,8.67412590990596,57.469158029777375
1.2223238604188076,0.02548990701805233,0.06515915850712536,928.7762067019498,4.581587592496693,62.94039089149142
0.5109613608209482,0.06445225047406948,0.04108077269019306,237.94719604984925,0.1353105222455279,6.706634028168376
0.508163304251841,0.12994359819987053,0.06397157184694403,1929.6539000655846,0.1417797039181629,11.063818434519968
0.9479661608127634,0.05441403446498326,0.03985963869102991,335.6769724776416,1.5806282875954638,22.084521398534235
0.7532083506892314,0.04911431650087138,0.14784079835500852,1305.4257631492053,0.06694948692102176,5.495685269952332
1.558119999384483,0.0833842464660501,0.025841780556820324,551.2487154725794,27.601944739180237,92.54881576984842
0.7443524476508347,0.08739034981637218,0.02313871643460319,2198.046101225238,15.94894963745876,209.8092651582433
0.8897703078598395,0.028396113012505924,0.11743518140700628,2452.5191985376923,0.7155389419269619,33.433837955248066
2.2849411378815168,0.041411043723019444,0.03674124049944353,311.5441026616104,34.46733132068539,76.40503773558454
1.8455866794393772,0.07222847175199967,0.07414462745472448,377.7155113376087,1.5362481380904904,10.533742960851821
0.5932053664922334,0.023061834913059007,0.038808795614193065,3891.882603939993,11.479719795732912,398.8061656912383
1.0778666084840633,0.04143809761506042,0.044012543207126324,190.49785182677988,1.286164833509185,15.348064408932643
0.526827567522381,0.058750598108834734,0.03391524073616839,117.9267403105047,0.14330503952267049,5.516072127935638
1.1835191057527967,0.14886323726326073,0.03992220466531071,590.7808011531947,1.9695267337642752,17.682204308494377
1.6384902402832364,0.05203264875490494,0.04575283473550186,2297.373396736799,38.62548138895879,207.3551127711567
0.618276826437762,0.10354512400287597,0.08539613030801295,2046.637681892254,0.1428849026984599,10.054700767538444
0.8390081524036397,0.04776561128080941,0.05606031117297809,3649.6814196914593,4.878792452499741,122.3900295417455
1.0198752953787418,0.09952236035392259,0.13387742997570348,805.1780648340202,0.06812885338875392,2.7621983177943243
2.597192983580992,0.06638262534919177,0.02176095275228702,147.91318046951665,72.15594064736203,73.3250065723963
2.9639620351038967,0.11935904156461942,0.055111927146034925,1000.3797897522221,24.833126437724584,49.07296264447368
0.5418982990332204,0.045775163554046795,0.06490265716012182,2101.216489404891,0.5089176617801705,35.43112799007098
1.9550112981402505,0.06758236487461437,0.12771994794674793,144.0660593019463,0.14562656473173238,1.5328912611468613
0.9732570345284721,0.07117622300817066,0.022082422526931968,196.4896800575963,4.501818812132758,33.05903544274
1.0100940960229476,0.04637304778265253,0.06351514106978341,104.92560079821405,0.17334456050238184,3.3991816502010295
1.9315334627884304,0.02674926633616629,0.11168850542105205,1019.9947243058508,3.7567130055556905,35.426037548610076
2.7474910044361907,0.020683242497127375,0.11690672252719428,1378.5955011302565,16.47970037879929,80.3945839680749
0.9481221244908228,0.032207723643944815,0.08749287121410053,127.96531935683362,0.09630476744370617,2.9525852610605523
2.0502287073930368,0.030627486626833143,0.13108748456236466,3421.1471747558044,8.13999871531497,79.96344561289122
0.7839476174739716,0.08812640683573948,0.07518275080757278,2415.8924787464734,0.5919959474262122,22.812527751905495
1.3737411739764354,0.03811217200987075,0.04844037321573446,341.89040874463956,3.897231624267347,31.511162257792066
1.621542348912248,0.02774834808337094,0.12769854578901976,308.4591072163761,0.43353901981471116,6.632360223376522
0.769195471945718,0.1383140503353767,0.05159029395799048,3242.664749934,1.4800711642016073,40.65254280107352
0.7047876650915426,0.11122845158711249,0.021203322716398288,3135.923169035662,19.722107997118094,265.18638347140575
2.5911878450490335,0.11399842060760168,0.0802907831212802,1937.4814991900548,10.881256254811252,40.98807197746359
0.600051695906829,0.04539227462980828,0.05280403515565128,906.3990326085607,0.5581396193997834,25.783577864443078
1.2378892254882206,0.09292718093942957,0.025694476053838206,159.91200628064723,3.6652622680682505,19.3593963047101
0.7427230009777046,0.026725783500873776,0.030798598612501674,801.3163793739386,8.009437629924992,140.8606818703692
0.5361217221474602,0.020350362559269777,0.022775257296442367,403.81843004723925,4.930091931333904,123.05579073225158
0.5333325533907018,0.020821285311315982,0.06361683021690252,2217.956254980522,1.1955406238766602,84.22688359271157
0.6844142533188815,0.06521424235502171,0.0700396387869695,1941.0592008626684,0.5290082779925438,24.91602905452583
2.36291685119711,0.05006433326469626,0.055409660628481364,3524.547237943797,103.993080522171,325.08999832317545
0.8294327743772519,0.056796969177763806,0.10376345416815855,105.97318841063601,0.018151890014864808,0.8624113059891805
2.7451810757013657,0.0203030227260392,0.11336146835463147,2369.4202500335696,31.56739123794747,149.57972020787358
1.4176209374671345,0.04687126589658087,0.06914154152507133,3930.2382543141302,13.766263388505303,149.19197001040413
1.0932560315279247,0.08499309182265234,0.020520724835537334,2192.793763916717,74.30917016300172,401.885093643784
1.413731244616148,0.04879935769687575,0.08117055894808828,166.41653761931903,0.34318479049470957,4.390393127400777
1.2619423024077088,0.08745137844909151,0.04643066656683159,137.4329159408948,0.6009917901119748,5.519567056539475
1.947209568338445,0.03198422743912092,0.062506825251068,108.49642722857803,1.9533318397528596,10.143518708693913
0.8294585177573885,0.10293879152128474,0.07396313098672105,1170.0900305046262,0.3053648622757462,10.340833861443787
0.9412318355304862,0.06545508336962981,0.04050498632485245,1174.3429585373467,4.288018186914031,61.75646752128721
2.4814789975203153,0.030581629306454253,0.1269250585030431,4750.472379416661,22.1109075577907,143.56325195319877
2.4746586699441298,0.07089165698384926,0.07738271555187962,366.352215525658,3.219277456284988,12.813929140910655
1.0601418654105286,0.10648243764243885,0.020176456490275944,1150.480391989434,29.853771436299592,168.82108296244647
2.0240087993314595,0.046209340223119455,0.128871344698754,2527.4604586438827,4.0361138393875144,39.9949841055367
1.2193580854910606,0.11474090415357334,0.024213608152721087,2314.642206842258,49.07062100834706,251.72659025801724
0.7215095554464221,0.07703369905331665,0.03912299334563655,530.769910605918,0.8231827721707444,19.48743717516865
1.4419785129013574,0.0493324004609468,0.04245446592861101,1198.6716700068355,18.134889374033087,116.63563776051667
0.6979300311169496,0.05345305813699688,0.030800352557305677,2849.8819508036236,11.815812891515469,235.34559544127984
0.9056856558694681,0.030183313777649094,0.06502004945845723,681.6024522883674,1.1625068062448054,29.026747467472262
2.313730783837634,0.07071649009976402,0.04882103316782819,233.42324809653653,6.69239682464479,19.225318991251054
0.7246133052004188,0.041205166197753454,0.02142573503275253,194.24731890121728,3.4734078607761303,44.646709650403274
0.5679915998956699,0.14868957559687124,0.03808422594890312,100.06172908639758,0.042522473335077575,1.5812130083278852
0.5658070425945481,0.05262837846858017,0.10237842520602346,1660.599142963783,0.10145307820353017,10.219920786376175
2.6980044106106624,0.05323652117655714,0.08027144706251352,154.43681106876528,2.098101737688767,7.288075764230681
1.240025959282933,0.06254390243996671,0.08616609285499642,259.5824435319791,0.2356210930604736,4.159101956294275
1.0412488144704501,0.12683749666836022,0.08164415024548977,320.68817952971307,0.09989973287700589,2.369686607594875
2.1377464113648093,0.10041414480701118,0.03742402035132627,895.5061513189559,31.661509198423325,81.67332466217876
2.23547076814069,0.04963596212450677,0.024447926612139577,474.37028558828104,139.16903481452027,214.4653876345722
0.9067026230394886,0.08510123905180907,0.034630237813565994,1400.3960436882653,5.625794743019585,74.64834204515145
1.732645691815547,0.06516613621470943,0.10687917462787921,124.316396593986,0.15480933789337922,1.7361261244876665
1.9907658753490565,0.05393632192908286,0.14421220282264247,162.39362389472174,0.15086304654429752,1.7292391633397426
1.6157987018753777,0.029465789282019067,0.054097399442510505,704.9289886250602,12.142289630050417,79.25250901435678
0.6560454100487516,0.05093339771636873,0.020394750677120346,373.67416012610926,4.651334980331839,69.42865776476997
2.4018148240129014,0.03281982938203912,0.026520260512990695,318.110518986822,137.14109507352464,198.59893295123157
1.313611992432,0.1263493241272626,0.038271037061365885,129.98064739642112,0.7923865416753376,5.535841741078799
0.8294233855564452,0.03931257629453379,0.06416934728616486,3325.0640099099364,3.4790058911691224,102.2211558827667
1.0711785032518553,0.13624461540389227,0.02326706141717809,1497.5420511428385,20.429668161235387,130.4937481306938
0.5348179750294733,0.058544490565942055,0.13382135571326012,160.92577170250436,0.0033421195107439625,0.49254505612037863
0.6287380091592155,0.07139536489169712,0.04173501520417575,128.97666145829115,0.11764926782643045,3.912559250465084
1.9709752259531144,0.05972224804996872,0.1257758017392609,4531.88825124579,5.562063661611668,56.72588400129578
0.5000104234501965,0.025956489864966115,0.09639053494018376,1436.4540263493716,0.14713651593136443,17.869289978236704
1.054681248528407,0.04264779543494487,0.09163974874092654,511.9709780119159,0.3485791910909821,9.045934776117978
1.2751519961454512,0.024422432499044407,0.06791204333083603,1556.7539966419279,8.037430678955793,105.7427696844085
0.5514216920698338,0.07017023784680429,0.0707138095432412,1927.45842234123,0.24809133884092946,18.17434207132167
2.8587224586204742,0.04921214483446702,0.07233057419006071,2114.1333947909707,50.51856805765981,140.8443764436612
0.7497728559463016,0.09589909478684952,0.07099041694679599,648.483914622859,0.1517453378471225,6.036235989922004
0.8623481150085618,0.031185676774294895,0.06103460262903886,537.4745582587176,0.9258975302534767,23.937807162655666
0.8619523346077637,0.027863481419514977,0.14594952735632521,104.40862691852827,0.014702235482475078,0.90976687635115
0.7555601046263716,0.04535191093078042,0.08746395361281968,3751.394574128482,1.0156816152332417,49.01840929824216
0.5013221122450705,0.12937458560883666,0.0956986219171537,1059.2585758233604,0.022419568232975647,2.6891173854853334
1.8471857424810938,0.08369366891919795,0.11600812537354431,221.38716839183803,0.20340752349401378,2.1784361702258805
0.7473159625344034,0.05671198311580149,0.02367902243478002,3584.609546935674,37.84680208350911,505.4695452166706
1.6402913916668482,0.023698537186407447,0.05291663403587199,4792.854268336955,114.73601548876172,710.8214383066596
1.8891983552896836,0.14540998292740343,0.056348466144233236,3054.892152544791,15.080951264143115,75.00086483944882
2.2865108888943912,0.07659090719659122,0.1063199715220538,4956.84964445779,12.26152521650295,78.54586976594717
1.0662018762523406,0.03554479717350582,0.04890663869582625,260.4440823425786,1.4460857014986772,19.597177042087207
0.8603914130199931,0.06511008003772319,0.06317734419827845,2697.470981712218,1.9932113641160445,53.58375433754246
0.8955685205510396,0.024936401003466058,0.057842806566357666,2502.075494207335,7.093420742027328,161.14542942086703
1.7926569357661788,0.14002199184568861,0.021600299448270514,246.80885833177086,19.191876043988863,40.634356280669714
2.16046864366543,0.028443141901960366,0.06908451616358949,146.97465284393286,3.0102829105426525,14.034684439650272
0.6922981011692141,0.07380677420624646,0.10607635778055803,4613.240269404412,0.33095897998538887,23.073689377440388
0.9718924617827729,0.032795759107552315,0.027469618265847054,318.3734426434123,8.189485355327623,75.021088536785
2.5166098738164946,0.08490634885219207,0.06623791806777436,3017.3037257484393,37.123355788422785,122.30174754811699
2.1217762085490746,0.09567451794429972,0.06614173586913998,101.62765673113942,0.6679259026068142,3.0911158194747563
2.9197038457217754,0.07768076868215108,0.027842094150454674,108.57266969009534,30.701416361751463,31.58590022531538
1.9314756202779984,0.06898500017134307,0.025648867053600168,618.7302926896975,72.95424023110658,157.997719240464
1.011428860177864,0.12078002872375358,0.14409054601579335,254.43045090985825,0.013877595332047545,0.6157289548955309
1.440706691777467,0.023433285549863923,0.04421385571758992,1486.0028703692258,41.790610085005504,280.41194384430463
1.634327441215064,0.03895836199599488,0.031625539357851416,913.854015885119,61.662372177425986,229.9802688405628
0.5754670950376841,0.03298350098291527,0.02824551307200378,135.4085369317813,0.6613069313698354,17.76732737857142
1.3263892515364692,0.14642078859667626,0.0767754542364207,188.9298576268522,0.12673143434211356,1.7421089455908563
1.7820869664447916,0.04382984231494857,0.06828604619318629,456.3353051885485,3.524890560222644,23.874284843563693
0.6747941148235025,0.08752074177605215,0.07314380171972887,206.69774437684987,0.035322116165967636,1.7872784759432576
1.4230937897422349,0.030662959633182146,0.12103960484424572,509.20287834422624,0.5140857360236889,9.678466653768373
2.7538645628841323,0.03237185658204347,0.04381894737354711,144.12454167268243,21.05004064561265,38.312481147329315
0.5394869810739772,0.03525098211501117,0.03760515857451566,665.0955816902658,1.0610947633798022,43.18671910417802
0.8043292641118905,0.045792204460458584,0.050772036996037724,142.66956756001977,0.23594367351757242,5.832781911773471
1.469162747382745,0.03206851013991914,0.04388960779806941,165.6001074905266,3.6893270020562916,23.63086335162702
0.8506256429918301,0.020807803934472437,0.113949593194463,255.32298747118455,0.0972257814055834,4.8231174022317225
1.7984570097210537,0.11763939842268335,0.13007393497314124,2886.102753199199,1.235176548914873,15.646951923198573
1.9480087979134904,0.13995800865896924,0.03686125782214446,3722.9650401112594,74.78150307772454,228.81951803701256
0.6008179926285319,0.0398038435052602,0.11403200351220386,2533.88615162747,0.17735821527226503,17.64829516207716
1.2555282765288867,0.03955890422802782,0.09658520651977016,369.4767982449259,0.39077904850528694,7.542224256011533
1.2444109572138713,0.02028783790519553,0.13047993551583542,290.3209198652955,0.23645229887863445,6.275815608609694
0.9690056234808309,0.07875733688792813,0.0328153147613769,857.0359633228165,5.337008442835026,58.75332143318543
2.660275731892282,0.1055213827816483,0.06395943203110172,1684.251207092091,21.876268882607235,62.278063452696166
1.7438308507100877,0.027589754310588546,0.10523571634256165,167.31492879588862,0.5255948987134176,5.7294923458337745
1.7981427616363026,0.0982655394320466,0.020215709521044938,121.26783601485921,16.542099295576197,32.57930590654497
1.1435495806413571,0.06923443565662199,0.062413906486978483,1512.4806519017534,2.5593475584033136,38.47788467957868
1.7356825793159598,0.07011270965291834,0.03831757428750979,2741.076713820935,69.21209969192144,277.3000688308614
1.845982284889005,0.03726935944302436,0.07334365321747932,1421.3113328907486,11.581717283306352,78.52193501659978
2.3415091464021445,0.04204236090881365,0.11120672564666426,4176.805334395343,17.664129914520192,112.86054430896819
0.8170321651163158,0.0943174700939972,0.06825167035099453,738.2131299353649,0.25574545726571946,8.236703977151597
2.12321139988602,0.10248208909101206,0.11158572005618833,3568.9785014433223,4.5697296743482685,35.630606031244255
0.7094090486020932,0.04480913613738099,0.03408542227128781,4408.428390249663,16.89437192194921,360.4357298755484
0.9283212166065193,0.13484872373748866,0.0569673404976684,2749.7620152431873,1.6807609846990468,34.99821578742213
0.9122748432005845,0.04536383636056865,0.049576637617153155,335.94679915689443,0.8789158970400041,16.492388030591254
2.886760945010072,0.09471828190530239,0.020474815459606624,215.45893345954593,121.43499671669787,93.98375076571746
2.3199868112051925,0.053021528834408686,0.06141503916139917,853.5707987975602,16.52952403463071,59.41205893859568
1.7562494808206277,0.12201852400302154,0.07584104466463269,588.3807729004475,1.1405625532711559,8.834084547235165
1.8396285141075983,0.12455945415314279,0.06591607849097174,3099.453280691491,10.303040463789374,63.21309528948591
1.3688241288859033,0.023852014132761206,0.0881698321666536,147.8940863008601,0.44192580452909125,6.55065345607061
2.7286623036608324,0.1319833153229339,0.06323930454393269,274.0896479731138,3.1776233205183253,8.501596148224188
1.2165623543552064,0.10554157164149167,0.02287918542159361,1893.5808637577989,51.37862077786591,250.1870387341746
0.988713208514612,0.09850887267204356,0.025288726707843365,145.0038257199123,1.675617652968479,13.654373296429888
0.6696319326548281,0.029980559014482985,0.0665245266537051,350.7269333273776,0.2272653236556055,10.620701705384892
2.0452995165677157,0.10128814736932708,0.03480596144666705,454.74234971626214,17.352310614831914,45.47866108413798
1.8641397550789698,0.11090425799590403,0.023481420340120858,1142.2684597484931,98.15738454372247,208.93007382330487
0.9955345989439827,0.0358141173777802,0.04752900417783237,185.63617948986482,0.9072813734913643,13.705615613757901
0.5230874384636554,0.13624353485173255,0.06110774091999047,2898.2858378375545,0.2541558995268956,17.87962458430791
2.2482097347052106,0.022113662565449534,0.038788490206945754,575.9182404932836,96.59234221658696,233.49763094205497
0.5103344925088162,0.027052647660122893,0.08539916440562166,3614.0352301294965,0.5430342293336979,56.089495763153536
1.7642286389172332,0.05908080790900696,0.0731760086347287,623.586851213398,2.8174075336954973,20.865039305835246
2.844309078359287,0.06380925629518329,0.0391080760638083,293.281824879405,33.680084498397754,51.285737184537574
1.0953091459212927,0.07337968491964673,0.09153553084716971,174.16581873419452,0.07745845110014522,1.8616397285753084
0.7617541926642128,0.020695647727771913,0.0739056939342968,101.47587471128682,0.10226695831050882,4.102929791983695
1.767934871711386,0.1384872396052124,0.07224931836570993,801.8988756941421,1.6160249683245524,11.766840052988298
2.1618188022707705,0.021879999534622382,0.0609976549213247,152.07436574898455,5.893426277448363,24.229975117629824
1.3309919782639859,0.026681974744550006,0.020464288653961212,462.9496075501017,90.92698759881057,330.86370901336414
2.827936888011861,0.02057280724745834,0.08137976878326224,1002.6631332706628,38.95488891969162,124.8675382680432
0.5484993088906918,0.0626708885905383,0.0426667536665824,294.02351788441115,0.18985252006041808,8.481337608782015
1.2353139060556824,0.13086413320983958,0.1336199298826299,198.47271779336117,0.02282649090303121,0.6296022704940696
1.8114895864528304,0.07651993001782639,0.1039481544102258,2071.232244694933,2.7286768582688237,27.227499627509403
2.345496372392862,0.10493145124408981,0.06535798595066236,4060.4091902377363,34.0653718603703,127.48315921127954
0.6893788939198173,0.0205424322036152,0.033243342132921454,148.130762093031,1.2248812938336182,26.989402463999134
2.096494435218931,0.05961102472909258,0.03015054696916524,183.79906344630345,19.744810024168945,42.66495388249781
1.346045394407592,0.05048655711282402,0.03970887487256599,4275.950888360996,62.83679469973415,433.80319504188
1.0175335738497988,0.05465847560951774,0.05224637249840498,115.929579207033,0.298438780604631,4.7437791009026
0.6330881994857974,0.02313241403210493,0.03631662277027816,4581.081467108614,19.98315447441134,570.3633580203727
2.35668198011867,0.07942420335400166,0.05644491852018286,101.83353911033197,1.7774895594976725,5.690369927875744
0.6627539853033193,0.05512881884411133,0.0279086769823871,3050.2598601385976,14.11361105771588,282.4771039594503
0.871027394913314,0.09345060447415177,0.14341302778961892,332.7639448079458,0.015195831671060362,0.9048154425325124
0.8407546882055732,0.05317273888114327,0.024858252385060276,3932.1883887921454,54.498192158159945,603.7048256420973
2.3826591807940534,0.027023903349775398,0.13077906013814447,345.5258455361174,1.4728017589965714,10.687329778539333
